number,ticker,primary_exchange_code,fundamental_period,earning_value,earning_yoy,earning_plan_to_target,eps_value,eps_accumulated,pe_ratio,fundamental_audit_style,fundamental_status,updated_date,unit,currency
1,NRC,HNX,2020Q2,6.18,-83.4,na,240,"2,165.00",6.4,not audited,consolidated,6/8/2020,billion,dong
2,TTL,HNX,2020Q2,7.17,143.9,na,171,528,16.3,reviewed,consolidated,6/8/2020,billion,dong
3,SFG,HOSE,2020Q2,2.79,-52.7,11,58,-63,-84.1,not audited,separated,6/8/2020,billion,dong
4,MCF,HNX,2020Q2,7.05,30.2,71,654,"1,196.00",6.9,reviewed,separated,6/8/2020,billion,dong
5,PXI,HOSE,2020Q2,-20.12,"-5,732.60",na,-671,-560,-5,reviewed,separated,6/8/2020,billion,dong
6,NT2,HOSE,2020Q2,428.03,10.7,69,"1,487.00","2,781.00",7.8,reviewed,separated,6/8/2020,billion,dong
7,ECI,HNX,2020Q2,2.07,-21.4,68,"1,174.00","1,987.00",8,reviewed,separated,6/8/2020,billion,dong
8,BAX,HNX,2020Q2,13.85,-77.6,13,"1,689.00","4,520.00",9.6,reviewed,separated,6/8/2020,billion,dong
9,DIG,HOSE,2020Q2,27.84,-31.1,na,90,"1,439.00",8.5,not audited,consolidated,6/8/2020,billion,dong
10,QST,HNX,2020Q2,0.14,246.4,3,84,"2,295.00",5.1,reviewed,separated,6/8/2020,billion,dong
11,TBX,HNX,2020Q2,-1.74,"-1,180.20",-359,"-1,151.00","-1,356.00",-16.4,not audited,separated,6/8/2020,billion,dong
12,VGS,HNX,2020Q2,21.4,-24.5,43,508,"1,620.00",4.3,not audited,consolidated,6/8/2020,billion,dong
13,SJC,HNX,2020Q2,-0.27,-291.3,na,-39,-55,-25.5,not audited,separated,6/8/2020,billion,dong
14,TRC,HOSE,2020Q2,37,10.8,52,"1,270.00","2,968.00",9.9,reviewed,consolidated,6/8/2020,billion,dong
15,STC,HNX,2020Q2,3.55,-48.3,27,627,"2,145.00",5.7,reviewed,consolidated,6/8/2020,billion,dong
16,VSH,HOSE,2020Q2,-3.18,-102.9,-3,-15,214,78,not audited,consolidated,6/8/2020,billion,dong
17,TMS,HOSE,2020Q2,139.77,30.2,44,"2,434.00","4,417.00",5.8,not audited,consolidated,6/8/2020,billion,dong
18,TN1,HOSE,2020Q2,40.63,-12.8,35,"3,055.00","7,807.00",6.7,not audited,consolidated,6/8/2020,billion,dong
19,HSL,HOSE,2020Q2,3.85,-74.4,26,244,"2,279.00",2.1,not audited,consolidated,6/8/2020,billion,dong
20,GVR,HOSE,2020Q2,680.39,-22.1,18,170,781,13.6,not audited,consolidated,6/8/2020,billion,dong
21,PMG,HOSE,2020Q2,-4.02,-111.4,-6,-95,598,20.5,not audited,consolidated,6/8/2020,billion,dong
22,VPI,HOSE,2020Q2,24.04,3.6,8,150,"3,247.00",13,not audited,consolidated,6/8/2020,billion,dong
23,CRC,HOSE,2020Q2,1.91,-60.4,15,127,403,29.7,not audited,consolidated,6/8/2020,billion,dong
24,SJF,HOSE,2020Q2,-23.15,-235.2,-93,-292,-440,-4.3,not audited,consolidated,6/8/2020,billion,dong
25,TFC,HNX,2020Q2,-5.58,na,-19,-331,"1,774.00",2.6,not audited,consolidated,6/8/2020,billion,dong
26,GTN,HOSE,2020Q2,39.43,573.4,40,158,-112,-204.9,reviewed,consolidated,6/8/2020,billion,dong
27,VGC,HOSE,2020Q2,313.74,-11.5,42,700,"1,363.00",14.7,not audited,consolidated,6/8/2020,billion,dong
28,CEO,HNX,2020Q2,-55.67,-118.8,-28,-228,391,17.9,not audited,consolidated,6/8/2020,billion,dong
29,SHA,HOSE,2020Q2,8.53,-24.5,34,290,928,4.6,not audited,consolidated,6/8/2020,billion,dong
30,ILB,HOSE,2020Q2,28.9,0.1,na,"1,179.00","2,459.00",6.3,not audited,consolidated,6/8/2020,billion,dong
31,HHS,HOSE,2020Q2,185.76,129.9,79,729,"1,197.00",3.6,not audited,consolidated,6/8/2020,billion,dong
32,PTL,HOSE,2020Q2,0.13,102.2,1,1,74,63.4,not audited,consolidated,6/8/2020,billion,dong
33,C47,HOSE,2020Q2,12,184.8,48,705,357,26.2,not audited,consolidated,6/8/2020,billion,dong
34,ACC,HOSE,2020Q2,22.41,36.2,47,"2,241.00","5,011.00",3.2,not audited,consolidated,6/8/2020,billion,dong
35,SHI,HOSE,2020Q2,5.92,-74.9,7,68,992,9.9,not audited,consolidated,6/8/2020,billion,dong
36,MSN,HOSE,2020Q2,117.25,-93.8,na,100,"3,245.00",16.6,not audited,consolidated,6/8/2020,billion,dong
37,VPH,HOSE,2020Q2,12.27,1.8,16,129,211,20.9,not audited,consolidated,6/8/2020,billion,dong
38,PNC,HOSE,2020Q2,-14.51,"-2,427.50",na,"-1,343.00",-105,-96.7,not audited,consolidated,6/8/2020,billion,dong
39,VNL,HOSE,2020Q2,15,31.3,na,"1,667.00","2,564.00",6.6,not audited,consolidated,6/8/2020,billion,dong
40,HAG,HOSE,2020Q2,-47.79,na,18,-52,767,5.4,not audited,consolidated,6/8/2020,billion,dong
41,LCG,HOSE,2020Q2,76.85,-20.3,37,765,"1,719.00",4.8,not audited,consolidated,6/8/2020,billion,dong
42,QCG,HOSE,2020Q2,26.34,-28,35,96,255,23.6,not audited,consolidated,6/8/2020,billion,dong
43,SAB,HOSE,2020Q2,"1,864.69",-29.9,na,"2,908.00","6,642.00",27.5,not audited,consolidated,6/8/2020,billion,dong
44,SRA,HNX,2020Q2,0.34,-99.2,na,19,"3,932.00",2.9,not audited,consolidated,6/8/2020,billion,dong
45,SD9,HNX,2020Q2,11.35,36.1,37,332,445,13.3,not audited,consolidated,6/8/2020,billion,dong
46,KBC,HOSE,2020Q2,55.51,-85.8,na,118,"1,107.00",11.9,not audited,consolidated,6/8/2020,billion,dong
47,VHC,HOSE,2020Q2,367.58,-49.5,46,"2,749.00","6,138.00",5.8,not audited,consolidated,6/8/2020,billion,dong
48,TTF,HOSE,2020Q2,23.21,107.5,44,75,"-1,514.00",-2.1,not audited,consolidated,6/8/2020,billion,dong
49,SGT,HOSE,2020Q2,11.53,-51.8,na,156,-42,-126,not audited,consolidated,6/8/2020,billion,dong
50,SJE,HNX,2020Q2,10.29,-45.6,16,562,"2,770.00",6.8,not audited,consolidated,6/8/2020,billion,dong
51,TSC,HOSE,2020Q2,9.03,-4.5,28,61,6,405,not audited,consolidated,6/8/2020,billion,dong
52,VIC,HOSE,2020Q2,"2,304.60",-4,46,685,"2,202.00",39.7,not audited,consolidated,6/8/2020,billion,dong
53,PVD,HOSE,2020Q2,84.92,289.6,na,204,606,16.8,not audited,consolidated,6/8/2020,billion,dong
54,PGC,HOSE,2020Q2,53.83,-27.3,51,892,"2,114.00",6.6,not audited,consolidated,6/8/2020,billion,dong
55,ITA,HOSE,2020Q2,60.07,-53.1,22,64,32,125.6,not audited,consolidated,6/8/2020,billion,dong
56,MHC,HOSE,2020Q2,-78.07,"-1,397.50",-390,"-1,909.00","-1,757.00",-3.7,not audited,consolidated,6/8/2020,billion,dong
57,POW,HOSE,2020Q2,"1,178.85",-22.6,58,503,917,10.3,not audited,consolidated,6/8/2020,billion,dong
58,TLD,HOSE,2020Q2,8.02,99.7,34,429,918,11.2,not audited,consolidated,6/8/2020,billion,dong
59,TEG,HOSE,2020Q2,0.12,-97.9,na,4,-45,-113.3,not audited,consolidated,6/8/2020,billion,dong
60,NAF,HOSE,2020Q2,37.38,157.4,57,844,"1,620.00",14.5,not audited,consolidated,6/8/2020,billion,dong
61,PHP,HNX,2020Q2,221.29,18.9,83,677,"1,294.00",7.7,not audited,consolidated,6/8/2020,billion,dong
62,QBS,HOSE,2020Q2,-22.27,na,-111,-321,"-2,174.00",-1,not audited,consolidated,6/8/2020,billion,dong
63,HAR,HOSE,2020Q2,-4.44,-625.5,-46,-44,32,86.3,not audited,consolidated,6/8/2020,billion,dong
64,PC1,HOSE,2020Q2,213.95,-4.8,46,"1,345.00","2,172.00",8.2,not audited,consolidated,6/8/2020,billion,dong
65,DBD,HOSE,2020Q2,78.74,8.4,55,"1,503.00","2,808.00",16.7,not audited,consolidated,6/8/2020,billion,dong
66,NKG,HOSE,2020Q2,58.79,73.1,29,323,396,17.3,not audited,consolidated,6/8/2020,billion,dong
67,FLC,HOSE,2020Q2,"-1,548.26","-3,843.80",105,"-2,181.00","-1,838.00",-1.5,not audited,consolidated,6/8/2020,billion,dong
68,DTL,HOSE,2020Q2,-100.94,na,"-1,009.00","-1,665.00","-2,526.00",-4.7,not audited,consolidated,6/8/2020,billion,dong
69,LIG,HNX,2020Q2,10.21,97.1,na,239,792,3.8,not audited,consolidated,6/8/2020,billion,dong
70,TLH,HOSE,2020Q2,-11.73,-131,na,-117,"-1,914.00",-1.7,not audited,consolidated,6/8/2020,billion,dong
71,LCS,HNX,2020Q2,-6.65,"-3,308.00",-887,-875,-743,-2.6,not audited,consolidated,6/8/2020,billion,dong
72,DL1,HNX,2020Q2,19.19,12.1,96,190,231,125.5,not audited,consolidated,6/8/2020,billion,dong
73,BTT,HOSE,2020Q2,13.88,-54,39,"1,029.00","2,768.00",13.4,not audited,consolidated,6/8/2020,billion,dong
74,PTD,HNX,2020Q2,-4.6,-165.3,na,"-1,437.00","-2,510.00",-4.7,not audited,consolidated,6/8/2020,billion,dong
75,SGR,HOSE,2020Q2,103.47,144.7,71,"2,272.00","3,317.00",5.7,not audited,consolidated,6/8/2020,billion,dong
76,KDH,HOSE,2020Q2,407.78,89.9,37,752,"2,044.00",12.1,not audited,consolidated,6/8/2020,billion,dong
77,SDG,HNX,2020Q2,37.29,135.9,59,"5,488.00","8,243.00",2.4,not audited,consolidated,6/8/2020,billion,dong
78,SRF,HOSE,2020Q2,4.34,-79.6,5,141,"1,482.00",9.5,not audited,consolidated,6/8/2020,billion,dong
79,DAG,HOSE,2020Q2,3.3,-90.5,9,64,582,10,not audited,consolidated,6/8/2020,billion,dong
80,MCG,HOSE,2020Q2,1.46,-60.4,13,28,239,6.9,not audited,consolidated,6/8/2020,billion,dong
81,TTT,HNX,2020Q2,11.71,-75.7,317,"2,563.00","1,654.00",19.3,not audited,consolidated,6/8/2020,billion,dong
82,LEC,HOSE,2020Q2,-6.65,"-3,714.10",-271,-255,-284,-58.1,not audited,consolidated,6/8/2020,billion,dong
83,TNA,HOSE,2020Q2,15.49,-30.9,24,452,"3,552.00",4.6,not audited,consolidated,6/8/2020,billion,dong
84,TRA,HOSE,2020Q2,80.82,23.6,45,"1,950.00","4,074.00",13.8,not audited,consolidated,6/8/2020,billion,dong
85,VCG,HNX,2020Q2,368.88,30.6,45,835,"1,751.00",14.9,not audited,consolidated,6/8/2020,billion,dong
86,LSS,HOSE,2020Q2,22.87,175.5,na,341,na,na,not audited,consolidated,6/8/2020,billion,dong
87,BCC,HNX,2020Q2,63.91,-22.8,55,581,"1,014.00",6.8,not audited,consolidated,6/8/2020,billion,dong
88,LBM,HOSE,2020Q2,36.59,17.3,75,"3,659.00","6,442.00",4.7,not audited,consolidated,6/8/2020,billion,dong
89,GMC,HOSE,2020Q2,17.71,-64.7,103,815,"3,271.00",5.1,not audited,consolidated,6/8/2020,billion,dong
90,PMS,HNX,2020Q2,9.41,2.8,70,"1,307.00","2,415.00",5.8,not audited,consolidated,6/8/2020,billion,dong
91,HTN,HOSE,2020Q2,114.49,54.9,na,"3,620.00","7,233.00",2.6,not audited,consolidated,6/8/2020,billion,dong
92,HHP,HNX,2020Q2,9.29,48,46,554,"1,040.00",10.4,not audited,consolidated,6/8/2020,billion,dong
93,HPX,HOSE,2020Q2,58.75,-34.6,14,284,"1,997.00",13.4,not audited,consolidated,6/8/2020,billion,dong
94,NHH,HOSE,2020Q2,19.27,-0.9,13,605,"1,668.00",28,not audited,consolidated,6/8/2020,billion,dong
95,SBV,HOSE,2020Q2,8.72,145.4,15,319,"2,208.00",4.4,not audited,consolidated,6/8/2020,billion,dong
96,IBC,HOSE,2020Q2,-168.2,"-1,889.80",-224,"-2,129.00","-1,292.00",-18.2,not audited,consolidated,6/8/2020,billion,dong
97,VIF,HNX,2020Q2,134.16,-51.8,42,383,"1,128.00",15.4,not audited,consolidated,6/8/2020,billion,dong
98,HNG,HOSE,2020Q2,11.18,101.5,3,10,"-1,439.00",-8.5,not audited,consolidated,6/8/2020,billion,dong
99,NVL,HOSE,2020Q2,"1,212.72",50.4,na,"1,276.00","4,020.00",16.1,not audited,consolidated,6/8/2020,billion,dong
100,HVN,HOSE,2020Q2,"-6,534.38",-612.1,-321,"-4,607.00","-3,867.00",-6.1,not audited,consolidated,6/8/2020,billion,dong
101,MWG,HOSE,2020Q2,"2,025.43",-4.4,na,"4,526.00","8,358.00",9.5,not audited,consolidated,6/8/2020,billion,dong
102,ADS,HOSE,2020Q2,-11.04,-404.7,-33,-433,-187,-48.2,not audited,consolidated,6/8/2020,billion,dong
103,GEX,HOSE,2020Q2,351.53,11.8,na,740,"1,416.00",14.2,not audited,consolidated,6/8/2020,billion,dong
104,TIG,HNX,2020Q2,26.95,-23.1,16,326,"1,356.00",4.6,not audited,consolidated,6/8/2020,billion,dong
105,IDI,HOSE,2020Q2,36.66,-83.4,23,169,590,6.2,not audited,consolidated,6/8/2020,billion,dong
106,HDA,HNX,2020Q2,-9.83,-249.3,-101,-855,88,86.4,not audited,consolidated,6/8/2020,billion,dong
107,CVN,HNX,2020Q2,8.58,-37.1,na,"1,039.00","5,537.00",2.4,not audited,consolidated,6/8/2020,billion,dong
108,HTL,HOSE,2020Q2,1.59,-89,na,133,658,19.5,not audited,consolidated,6/8/2020,billion,dong
109,IDJ,HNX,2020Q2,43.13,"5,475.30",59,"1,323.00","1,490.00",9.5,not audited,consolidated,6/8/2020,billion,dong
110,PHC,HOSE,2020Q2,5.6,-82.8,37,225,"1,468.00",7.4,not audited,consolidated,6/8/2020,billion,dong
111,VPS,HOSE,2020Q2,4.67,-29,69,191,474,30.7,not audited,consolidated,6/8/2020,billion,dong
112,MSH,HOSE,2020Q2,120.36,-45.1,na,"2,407.00","7,053.00",4.1,not audited,consolidated,6/8/2020,billion,dong
113,SCR,HOSE,2020Q2,71.36,-46.9,79,203,630,8.2,not audited,consolidated,6/8/2020,billion,dong
114,ITC,HOSE,2020Q2,34.47,124.9,29,498,"2,130.00",6.9,not audited,consolidated,6/8/2020,billion,dong
115,VCF,HOSE,2020Q2,260.4,-0.5,na,"9,797.00","25,568.00",8.4,not audited,consolidated,6/8/2020,billion,dong
116,HUT,HNX,2020Q2,-4.41,na,na,-16,212,9.9,not audited,consolidated,6/8/2020,billion,dong
117,S99,HNX,2020Q2,61.04,76.9,82,"1,376.00","1,158.00",16.1,not audited,consolidated,6/8/2020,billion,dong
118,DQC,HOSE,2020Q2,5.26,-64.1,-73,190,644,25,not audited,consolidated,6/8/2020,billion,dong
119,VNE,HOSE,2020Q2,0.31,-93.9,1,4,62,77.3,not audited,consolidated,6/8/2020,billion,dong
120,LGC,HOSE,2020Q2,146.84,-28.3,47,761,"1,568.00",29.7,not audited,consolidated,6/8/2020,billion,dong
121,HAX,HOSE,2020Q2,11.66,-60.9,na,320,902,13.6,reviewed,consolidated,6/8/2020,billion,dong
122,FPT,HOSE,2020Q2,"1,625.82",14.7,39,"2,356.00","4,845.00",9.7,not audited,consolidated,6/8/2020,billion,dong
123,GMD,HOSE,2020Q2,216.01,-25.1,na,727,"1,490.00",13.7,not audited,consolidated,6/8/2020,billion,dong
124,SAM,HOSE,2020Q2,5.56,-49.9,6,22,278,40.6,not audited,consolidated,6/8/2020,billion,dong
125,TTH,HNX,2020Q2,-3.15,-133.6,-16,-88,736,2.4,reviewed,separated,6/8/2020,billion,dong
126,FIT,HOSE,2020Q2,28.49,169.5,21,112,346,26.9,not audited,consolidated,6/8/2020,billion,dong
127,AAA,HOSE,2020Q2,126.17,-63.5,23,737,"1,453.00",7.9,not audited,consolidated,6/8/2020,billion,dong
128,POM,HOSE,2020Q2,-144.04,na,na,-559,"-1,244.00",-4,not audited,consolidated,6/8/2020,billion,dong
129,SMT,HNX,2020Q2,-4.25,na,"-4,355.00",-777,364,19.5,reviewed,separated,6/8/2020,billion,dong
130,IJC,HOSE,2020Q2,159.71,-14,60,"1,165.00","1,859.00",5.8,reviewed,consolidated,6/8/2020,billion,dong
131,THB,HNX,2020Q2,-4.48,-169.7,-80,-392,387,25.8,reviewed,consolidated,6/8/2020,billion,dong
132,L18,HNX,2020Q2,0.61,0.2,2,28,721,11.7,not audited,consolidated,6/8/2020,billion,dong
133,PGS,HNX,2020Q2,-20.15,-153.2,-41,-403,322,42.9,not audited,separated,6/8/2020,billion,dong
134,FRT,HOSE,2020Q2,19.19,-88.1,12,246,925,23.2,not audited,consolidated,6/8/2020,billion,dong
135,FCN,HOSE,2020Q2,28.09,-74.3,12,237,"1,146.00",8.2,not audited,consolidated,6/8/2020,billion,dong
136,KTT,HNX,2020Q2,0.02,106.4,na,6,834,9,not audited,separated,6/8/2020,billion,dong
137,VMD,HOSE,2020Q2,17.87,8,47,"1,157.00","2,110.00",10.1,not audited,consolidated,6/8/2020,billion,dong
138,CTI,HOSE,2020Q2,70.57,80.1,63,"1,121.00","1,673.00",7.2,not audited,consolidated,6/8/2020,billion,dong
139,VC9,HNX,2020Q2,-13.65,na,-114,"-1,167.00",-500,-8.8,not audited,separated,6/8/2020,billion,dong
140,DC4,HNX,2020Q2,19.6,249.7,75,782,"1,580.00",8.5,not audited,consolidated,6/8/2020,billion,dong
141,VIP,HOSE,2020Q2,72.7,443.9,134,"1,110.00","1,974.00",2.8,not audited,consolidated,6/8/2020,billion,dong
142,YBM,HOSE,2020Q2,6.77,-24.8,34,484,674,5.7,not audited,consolidated,6/8/2020,billion,dong
143,FTM,HOSE,2020Q2,-101.19,na,"-2,259.00","-2,024.00","-3,295.00",-0.4,not audited,separated,6/8/2020,billion,dong
144,DCM,HOSE,2020Q2,357.52,"15,275.10",689,675,923,8.9,not audited,consolidated,6/8/2020,billion,dong
145,NDX,HNX,2020Q2,1.53,-69.8,na,268,806,16.5,not audited,separated,6/8/2020,billion,dong
146,POT,HNX,2020Q2,1.77,-76.9,na,91,631,19.2,not audited,consolidated,6/8/2020,billion,dong
147,HLY,HNX,2020Q2,-2.75,na,na,"-2,746.00","-1,858.00",-27.2,not audited,separated,6/8/2020,billion,dong
148,BBS,HNX,2020Q2,3.25,6.2,58,542,965,12.1,not audited,separated,6/8/2020,billion,dong
149,AST,HOSE,2020Q2,0.5,-99.5,3,11,"1,963.00",22.3,not audited,consolidated,6/8/2020,billion,dong
150,VRE,HOSE,2020Q2,835.19,-33.3,33,363,"1,057.00",24.9,not audited,consolidated,6/8/2020,billion,dong
151,IDC,HNX,2020Q2,117.34,-8.7,23,397,"1,352.00",14,not audited,consolidated,6/8/2020,billion,dong
152,CIA,HNX,2020Q2,-15.04,-248.1,na,-963,-100,-102,not audited,consolidated,6/8/2020,billion,dong
153,CEE,HOSE,2020Q2,3.66,121.6,4,93,-943,-15.6,not audited,consolidated,6/8/2020,billion,dong
154,CTF,HOSE,2020Q2,1.06,-97.5,1,23,-93,-233.9,not audited,consolidated,6/8/2020,billion,dong
155,DAH,HOSE,2020Q2,3.76,-75.1,75,110,-204,-23.8,not audited,consolidated,6/8/2020,billion,dong
156,BCG,HOSE,2020Q2,17.02,-75,na,158,632,10.3,not audited,consolidated,6/8/2020,billion,dong
157,SGN,HOSE,2020Q2,76.18,-50.9,na,"2,272.00","7,849.00",8.7,not audited,consolidated,6/8/2020,billion,dong
158,HAH,HOSE,2020Q2,64.36,-2.1,76,"1,338.00","2,491.00",4.2,not audited,consolidated,6/8/2020,billion,dong
159,AMD,HOSE,2020Q2,6.13,-64.3,33,37,158,15.4,not audited,consolidated,6/8/2020,billion,dong
160,GEG,HOSE,2020Q2,125.43,-8.2,70,615,"1,189.00",15.4,not audited,consolidated,6/8/2020,billion,dong
161,CCL,HOSE,2020Q2,30.12,69.7,58,634,996,6.8,not audited,consolidated,6/8/2020,billion,dong
162,ELC,HOSE,2020Q2,14.37,479.4,58,284,835,6.1,not audited,consolidated,6/8/2020,billion,dong
163,UDC,HOSE,2020Q2,-9.84,na,-281,-283,-130,-40.8,not audited,consolidated,6/8/2020,billion,dong
164,VNF,HNX,2020Q2,12.38,8.8,96,"1,478.00","2,332.00",13.7,not audited,consolidated,6/8/2020,billion,dong
165,CKG,HOSE,2020Q2,68.14,26.4,67,"1,383.00","2,267.00",4.5,not audited,consolidated,6/8/2020,billion,dong
166,VRC,HOSE,2020Q2,0.66,-96.9,55,13,60,98.8,not audited,consolidated,6/8/2020,billion,dong
167,VNG,HOSE,2020Q2,32.91,-4.5,na,350,212,68.9,not audited,consolidated,6/8/2020,billion,dong
168,ASM,HOSE,2020Q2,270.64,-11.9,31,"1,045.00","2,296.00",2.4,not audited,consolidated,6/8/2020,billion,dong
169,DBT,HNX,2020Q2,4.62,-59.1,15,346,"1,101.00",9.4,not audited,consolidated,6/8/2020,billion,dong
170,PTB,HOSE,2020Q2,142.57,-24.4,38,"3,022.00","8,251.00",5.7,not audited,consolidated,6/8/2020,billion,dong
171,DLG,HOSE,2020Q2,-257.42,-625.6,-257,-860,-673,-1.9,not audited,consolidated,6/8/2020,billion,dong
172,CSC,HNX,2020Q2,-6.18,-316.7,na,-301,-277,-84.5,not audited,consolidated,6/8/2020,billion,dong
173,HDG,HOSE,2020Q2,566.39,42.3,48,"4,755.00","8,414.00",2.4,not audited,consolidated,6/8/2020,billion,dong
174,STG,HOSE,2020Q2,-10.48,-117.8,-17,-107,355,41.5,not audited,consolidated,6/8/2020,billion,dong
175,PET,HOSE,2020Q2,51.6,-16.5,37,607,"1,385.00",6.5,not audited,consolidated,6/8/2020,billion,dong
176,ACL,HOSE,2020Q2,5.09,-95.5,9,223,"1,611.00",9.4,not audited,consolidated,6/8/2020,billion,dong
177,HAI,HOSE,2020Q2,0.67,-94,5,4,-9,-266.7,not audited,consolidated,6/8/2020,billion,dong
178,SFI,HOSE,2020Q2,32.39,5.6,na,"2,273.00","3,340.00",5.9,not audited,consolidated,6/8/2020,billion,dong
179,HBC,HOSE,2020Q2,7.28,-95.9,6,32,"1,167.00",7.9,not audited,consolidated,6/8/2020,billion,dong
180,DNP,HNX,2020Q2,-0.99,-112.5,-26,-10,236,77.5,not audited,consolidated,6/8/2020,billion,dong
181,SJS,HOSE,2020Q2,21.86,43.9,20,192,930,22.6,not audited,consolidated,6/8/2020,billion,dong
182,CII,HOSE,2020Q2,264.26,506.7,na,"1,070.00","3,808.00",4.6,not audited,consolidated,6/8/2020,billion,dong
183,EVE,HOSE,2020Q2,-6.41,-164.1,-8,-168,"1,456.00",6,not audited,consolidated,6/8/2020,billion,dong
184,PSH,HOSE,2020Q2,2.04,na,1,16,na,na,not audited,consolidated,6/8/2020,billion,dong
185,TAR,HNX,2020Q2,58.97,398.1,66,"1,685.00","2,924.00",6,not audited,consolidated,6/8/2020,billion,dong
186,TTE,HOSE,2020Q2,-18.79,-233.6,na,-660,-741,-21.3,not audited,consolidated,6/8/2020,billion,dong
187,SCI,HNX,2020Q2,67.17,67.8,159,"5,565.00","5,697.00",7.6,not audited,consolidated,6/8/2020,billion,dong
188,BFC,HOSE,2020Q2,59.91,565.5,52,"1,048.00","2,097.00",5.8,not audited,consolidated,6/8/2020,billion,dong
189,TTZ,HNX,2020Q2,-4.42,"-10,972.90",na,-584,"-1,042.00",-4,not audited,consolidated,6/8/2020,billion,dong
190,SII,HOSE,2020Q2,-37.96,-240.8,na,-588,-308,-56.7,not audited,consolidated,6/8/2020,billion,dong
191,VSI,HOSE,2020Q2,8.85,0.1,na,670,"1,814.00",11.5,not audited,consolidated,6/8/2020,billion,dong
192,OCH,HNX,2020Q2,257.64,580.1,134,"1,288.00","1,760.00",4.3,not audited,consolidated,6/8/2020,billion,dong
193,OGC,HOSE,2020Q2,155.73,"3,931.60",75,519,740,5.1,not audited,consolidated,6/8/2020,billion,dong
194,HMH,HNX,2020Q2,3.68,-35.7,36,286,758,11.3,not audited,consolidated,6/8/2020,billion,dong
195,TLG,HOSE,2020Q2,17.1,-90.8,8,225,"2,384.00",14.3,not audited,consolidated,6/8/2020,billion,dong
196,INN,HNX,2020Q2,25.69,-38.5,38,"1,428.00","3,878.00",5.9,not audited,consolidated,6/8/2020,billion,dong
197,VNT,HNX,2020Q2,2.37,-9.2,na,199,440,147.7,not audited,consolidated,6/8/2020,billion,dong
198,ITD,HOSE,2020Q2,5.71,404.6,na,300,"1,200.00",7.5,not audited,C?g ty m?,6/8/2020,billion,dong
199,NBB,HOSE,2020Q2,101.47,-56.3,31,"1,086.00","2,396.00",7.6,not audited,consolidated,6/8/2020,billion,dong
200,HTC,HNX,2020Q2,18.55,1,970,"1,687.00","3,555.00",6.9,not audited,consolidated,6/8/2020,billion,dong
201,ST8,HOSE,2020Q2,10.24,-33.5,45,398,598,16.6,not audited,consolidated,6/8/2020,billion,dong
202,PVT,HOSE,2020Q2,268.01,-23.8,62,952,"2,123.00",4.8,not audited,consolidated,6/8/2020,billion,dong
203,VNC,HNX,2020Q2,17.65,-0.5,na,"1,681.00","3,343.00",10.3,not audited,consolidated,6/8/2020,billion,dong
204,PLC,HNX,2020Q2,81.02,-7.1,74,"1,003.00","1,776.00",9.6,not audited,consolidated,6/8/2020,billion,dong
205,HII,HOSE,2020Q2,18.49,-37.4,31,664,"1,373.00",9.4,not audited,consolidated,6/8/2020,billion,dong
206,MPT,HNX,2020Q2,-0.05,-103.3,-1,-3,43,41.9,not audited,separated,6/8/2020,billion,dong
207,PIA,HNX,2020Q2,4.76,na,40,"1,221.00","4,295.00",6.2,not audited,separated,6/8/2020,billion,dong
208,PXT,HOSE,2020Q2,-7.44,na,na,-372,-382,-3.6,reviewed,separated,6/8/2020,billion,dong
209,VOS,HOSE,2020Q2,-117.89,na,na,-842,11,125.5,not audited,consolidated,6/8/2020,billion,dong
210,HAD,HNX,2020Q2,3.86,-14,117,965,"2,316.00",5.4,reviewed,separated,6/8/2020,billion,dong
211,PVS,HNX,2020Q2,359.31,-38.8,56,752,"1,052.00",11.3,not audited,consolidated,6/8/2020,billion,dong
212,DAE,HNX,2020Q2,2.59,-18.4,68,"1,726.00","2,698.00",5.5,reviewed,separated,6/8/2020,billion,dong
213,SJD,HOSE,2020Q2,32.91,-26.3,21,477,"2,058.00",8.4,reviewed,consolidated,6/8/2020,billion,dong
214,PJT,HOSE,2020Q2,12.77,-20,na,831,"1,976.00",5.2,not audited,consolidated,6/8/2020,billion,dong
215,VNM,HOSE,2020Q2,"5,836.63",2.6,na,"3,352.00","6,102.00",18.8,reviewed,consolidated,6/8/2020,billion,dong
216,REE,HOSE,2020Q2,629.66,-19.9,na,"2,031.00","4,779.00",7.1,not audited,consolidated,6/8/2020,billion,dong
217,VC2,HNX,2020Q2,6.76,1.4,24,451,"1,615.00",7.9,not audited,consolidated,6/8/2020,billion,dong
218,AGM,HOSE,2020Q2,11.68,-44.5,41,642,"1,698.00",6.5,not audited,consolidated,6/8/2020,billion,dong
219,VSC,HOSE,2020Q2,113.25,35.6,na,"2,055.00","4,785.00",6.8,not audited,consolidated,6/8/2020,billion,dong
220,EVS,HNX,2020Q2,3.75,74.1,8,63,162,45.7,reviewed,separated,6/8/2020,billion,dong
221,SHB,HNX,2020Q2,"1,328.70",1.5,54,998,"1,929.00",6.6,not audited,consolidated,6/8/2020,billion,dong
222,HVX,HOSE,2020Q2,3.17,572,na,76,187,15.9,not audited,separated,6/8/2020,billion,dong
223,KKC,HNX,2020Q2,-5.25,na,-127,"-1,120.00","-2,123.00",-2.4,not audited,separated,6/8/2020,billion,dong
224,BIC,HOSE,2020Q2,156.6,28.4,na,"1,335.00","2,113.00",8.5,reviewed,consolidated,6/8/2020,billion,dong
225,PDC,HNX,2020Q2,-6.21,-453.6,na,-414,na,na,reviewed,separated,6/8/2020,billion,dong
226,PPE,HNX,2020Q2,-0.5,na,na,-251,-568,-11.4,not audited,separated,6/8/2020,billion,dong
227,QNC,HNX,2020Q2,61.36,420.3,283,"1,633.00","3,441.00",1.3,not audited,consolidated,6/8/2020,billion,dong
228,PIC,HNX,2020Q2,-0.7,-107.1,-3,-21,239,36.4,reviewed,separated,6/8/2020,billion,dong
229,TCB,HOSE,2020Q2,"5,272.77",15.7,54,"1,507.00","3,103.00",6.2,not audited,consolidated,6/8/2020,billion,dong
230,CTG,HOSE,2020Q2,"5,986.12",39.4,na,"1,608.00","2,995.00",7.5,not audited,consolidated,6/8/2020,billion,dong
231,PTI,HNX,2020Q2,116.58,329.3,na,"1,450.00","2,571.00",7.3,not audited,consolidated,6/8/2020,billion,dong
232,BVH,HOSE,2020Q2,638.64,-1,na,885,"1,499.00",30.3,not audited,consolidated,6/8/2020,billion,dong
233,HDB,HOSE,2020Q2,"2,099.18",32.4,49,"2,156.00","4,230.00",6.1,not audited,consolidated,6/8/2020,billion,dong
234,EIB,HOSE,2020Q2,441,-27.8,27,359,567,29.9,not audited,consolidated,6/8/2020,billion,dong
235,BID,HOSE,2020Q2,"3,475.52",-5.6,37,913,"2,175.00",17.6,not audited,consolidated,6/8/2020,billion,dong
236,BMI,HOSE,2020Q2,87.07,-5.9,62,953,"1,940.00",11.3,not audited,separated,6/8/2020,billion,dong
237,VJC,HOSE,2020Q2,73.15,-96.3,98,139,"4,383.00",23,not audited,consolidated,6/8/2020,billion,dong
238,AMV,HNX,2020Q2,55.42,4.6,23,"1,555.00","6,214.00",2.4,not audited,consolidated,6/8/2020,billion,dong
239,SHN,HNX,2020Q2,94.37,179.7,206,728,"1,119.00",8,not audited,consolidated,6/8/2020,billion,dong
240,SEB,HNX,2020Q2,56.15,-25.3,63,"1,755.00","2,850.00",10.9,not audited,consolidated,6/8/2020,billion,dong
241,SPI,HNX,2020Q2,-2.48,"-2,166.70",-110,-148,-145,-6.2,not audited,consolidated,6/8/2020,billion,dong
242,TET,HNX,2020Q2,2.72,-39.7,na,477,876,34.1,reviewed,separated,6/8/2020,billion,dong
243,SIC,HNX,2020Q2,13.27,-70.3,115,553,"1,613.00",6.9,not audited,consolidated,6/8/2020,billion,dong
244,VMC,HNX,2020Q2,-0.42,-106.6,-2,-21,501,17,not audited,consolidated,6/8/2020,billion,dong
245,NFC,HNX,2020Q2,6.06,-24.4,51,385,467,10.9,reviewed,separated,6/8/2020,billion,dong
246,TA9,HNX,2020Q2,7.08,812.8,41,570,"1,983.00",4.7,not audited,separated,6/8/2020,billion,dong
247,CTX,HNX,2020Q2,5.33,-94.1,na,80,"1,967.00",4.1,not audited,consolidated,6/8/2020,billion,dong
248,LGL,HOSE,2020Q2,-5.88,-115.9,-12,-117,434,10.7,not audited,consolidated,6/8/2020,billion,dong
249,CLL,HOSE,2020Q2,45.74,-8.1,na,"1,345.00","2,431.00",11.1,not audited,consolidated,6/8/2020,billion,dong
250,ALT,HNX,2020Q2,-7.5,-363,-134,"-1,308.00",-356,-36,not audited,consolidated,6/8/2020,billion,dong
251,HVH,HOSE,2020Q2,17.29,-26.6,54,876,"2,140.00",3.7,not audited,consolidated,6/8/2020,billion,dong
252,TDH,HOSE,2020Q2,-6.49,-111.4,-2,-69,989,8.4,not audited,consolidated,6/8/2020,billion,dong
253,VND,HOSE,2020Q2,193.05,59.1,na,925,"2,175.00",5.3,not audited,consolidated,6/8/2020,billion,dong
254,SSI,HOSE,2020Q2,532.51,27.2,82,"1,006.00","1,933.00",7.4,not audited,consolidated,6/8/2020,billion,dong
255,KVC,HNX,2020Q2,-19.92,-376.8,"-1,245.00",-402,-437,-2.3,not audited,separated,6/8/2020,billion,dong
256,HQC,HOSE,2020Q2,7.47,-65.1,12,16,58,26.7,not audited,separated,6/8/2020,billion,dong
257,PAN,HOSE,2020Q2,50.72,-49.3,17,271,"1,107.00",17.2,not audited,consolidated,6/8/2020,billion,dong
258,SCD,HOSE,2020Q2,1.6,-87.5,13,188,"1,138.00",19.9,not audited,separated,6/8/2020,billion,dong
259,TVT,HOSE,2020Q2,37.73,-28.7,na,"1,796.00","3,340.00",5.8,not audited,consolidated,6/8/2020,billion,dong
260,DPR,HOSE,2020Q2,46.92,-45.9,35,"1,168.00","3,571.00",10.7,reviewed,C?g ty m?,6/8/2020,billion,dong
261,CSV,HOSE,2020Q2,98.87,-12.9,51,"2,237.00","5,190.00",4.1,not audited,consolidated,6/8/2020,billion,dong
262,TCD,HOSE,2020Q2,26.25,-5.1,26,641,"1,779.00",5,not audited,consolidated,6/8/2020,billion,dong
263,EID,HNX,2020Q2,27.43,-14.8,78,"1,829.00","2,696.00",4.1,not audited,consolidated,6/8/2020,billion,dong
264,HTI,HOSE,2020Q2,29.74,-15.1,54,"1,192.00","2,589.00",4.5,reviewed,separated,6/8/2020,billion,dong
265,VE8,HNX,2020Q2,-1.03,na,-37,-575,160,56.3,not audited,separated,6/8/2020,billion,dong
266,CVT,HOSE,2020Q2,42.08,-25.1,na,"1,147.00","4,161.00",4.7,not audited,separated,6/8/2020,billion,dong
267,PSE,HNX,2020Q2,4.25,26,52,340,791,9.1,not audited,separated,6/8/2020,billion,dong
268,VTH,HNX,2020Q2,0.81,-89,96,163,-688,-13.7,not audited,separated,6/8/2020,billion,dong
269,SD2,HNX,2020Q2,-1.26,-475.3,na,-87,"-1,884.00",-3.2,not audited,consolidated,6/8/2020,billion,dong
270,VXB,HNX,2020Q2,-6.67,na,"-2,249.00","-1,647.00","-3,854.00",-1.1,not audited,separated,6/8/2020,billion,dong
271,TJC,HNX,2020Q2,0.01,100.1,na,1,"-2,400.00",-2.8,not audited,separated,6/8/2020,billion,dong
272,ROS,HOSE,2020Q2,-150.37,-318.9,na,-265,-72,-30.3,not audited,consolidated,6/8/2020,billion,dong
273,HDC,HOSE,2020Q2,79.7,110.1,40,"1,368.00","3,169.00",5,not audited,consolidated,6/8/2020,billion,dong
274,NVT,HOSE,2020Q2,2.66,-68.7,266,29,230,18.3,not audited,consolidated,6/8/2020,billion,dong
275,TMB,HNX,2020Q2,56.35,603.9,na,"4,051.00","8,370.00",1.7,not audited,consolidated,6/8/2020,billion,dong
276,BII,HNX,2020Q2,-3.5,na,-17,-61,-253,-2.4,not audited,C?g ty m?,6/8/2020,billion,dong
277,PTC,HOSE,2020Q2,8.79,-62.1,na,542,"2,824.00",3.3,not audited,consolidated,6/8/2020,billion,dong
278,PDB,HNX,2020Q2,0.62,-85.4,3,70,"2,001.00",3.2,not audited,consolidated,6/8/2020,billion,dong
279,PPY,HNX,2020Q2,-3.25,-134.7,-32,-394,701,33.8,reviewed,separated,6/8/2020,billion,dong
280,DCL,HOSE,2020Q2,25.59,747.7,31,450,"2,077.00",9.5,not audited,consolidated,6/8/2020,billion,dong
281,HRC,HOSE,2020Q2,2.33,32.3,na,77,275,170.9,reviewed,separated,6/8/2020,billion,dong
282,PGI,HOSE,2020Q2,109.09,33.5,na,"1,230.00","2,273.00",8,not audited,separated,6/8/2020,billion,dong
283,TCL,HOSE,2020Q2,42.13,-5.5,41,"1,671.00","3,845.00",6.5,not audited,consolidated,6/8/2020,billion,dong
284,TGG,HOSE,2020Q2,-3.88,-336.4,na,-142,-176,-5.5,not audited,separated,6/8/2020,billion,dong
285,DTA,HOSE,2020Q2,-3.04,-522.1,-211,-173,137,22.6,not audited,separated,6/8/2020,billion,dong
286,VIT,HNX,2020Q2,24.01,-27.2,36,"1,231.00","3,139.00",3.9,not audited,separated,6/8/2020,billion,dong
287,CDC,HOSE,2020Q2,19.31,24.8,64,"1,229.00","2,353.00",11.5,not audited,consolidated,6/8/2020,billion,dong
288,MBB,HOSE,2020Q2,"3,974.83",5.2,na,"1,729.00","3,505.00",4.7,not audited,consolidated,6/8/2020,billion,dong
289,DTD,HNX,2020Q2,72.88,-10.6,73,"2,995.00","3,151.00",5.8,not audited,consolidated,6/8/2020,billion,dong
290,LHC,HNX,2020Q2,31.8,15.5,42,"8,832.00","15,599.00",5.2,not audited,consolidated,6/8/2020,billion,dong
291,NDN,HNX,2020Q2,80.57,91.4,na,"1,681.00","2,254.00",8.4,not audited,consolidated,6/8/2020,billion,dong
292,NAV,HOSE,2020Q2,8.58,122.7,64,"1,073.00","2,346.00",8.7,not audited,separated,6/8/2020,billion,dong
293,ICT,HOSE,2020Q2,35.99,110.6,36,"1,118.00","3,437.00",5.9,not audited,consolidated,6/8/2020,billion,dong
294,THG,HOSE,2020Q2,91.34,100.5,79,"6,920.00","11,769.00",4.1,not audited,consolidated,6/8/2020,billion,dong
295,C32,HOSE,2020Q2,46.02,31.8,53,"3,062.00","5,711.00",4.2,not audited,consolidated,6/8/2020,billion,dong
296,API,HNX,2020Q2,31.34,408.8,78,885,"1,884.00",4.3,not audited,consolidated,6/8/2020,billion,dong
297,PHR,HOSE,2020Q2,394.85,138.3,46,"2,914.00","6,247.00",8.4,reviewed,C?g ty m?,6/8/2020,billion,dong
298,PVC,HNX,2020Q2,3.1,-75.9,46,64,187,28.3,not audited,consolidated,6/8/2020,billion,dong
299,TPC,HOSE,2020Q2,11.02,19.8,55,503,"1,046.00",7.2,not audited,consolidated,6/8/2020,billion,dong
300,GTA,HOSE,2020Q2,6.39,-37,na,650,"1,478.00",7,reviewed,separated,6/8/2020,billion,dong
301,L10,HOSE,2020Q2,8.17,-7.9,54,834,"1,716.00",8.6,not audited,separated,6/8/2020,billion,dong
302,TMC,HNX,2020Q2,-3.3,-139.6,-19,-266,541,23.5,reviewed,consolidated,6/8/2020,billion,dong
303,ARM,HNX,2020Q2,-0.45,-111.3,-10,-174,"1,234.00",15,reviewed,separated,6/8/2020,billion,dong
304,VNR,HNX,2020Q2,117.03,-11.6,44,893,"2,164.00",8.8,not audited,C?g ty m?,6/8/2020,billion,dong
305,SVC,HOSE,2020Q2,21.7,-68.4,20,869,"4,237.00",20.2,not audited,consolidated,6/8/2020,billion,dong
306,HPG,HOSE,2020Q2,"5,028.11",31.1,56,"1,821.00","3,151.00",7.6,not audited,consolidated,6/8/2020,billion,dong
307,SGD,HNX,2020Q2,0.75,-49.8,na,186,781,12.8,not audited,consolidated,6/8/2020,billion,dong
308,TYA,HOSE,2020Q2,24.9,-41.8,28,819,"2,340.00",6.1,not audited,separated,6/8/2020,billion,dong
309,KSQ,HNX,2020Q2,-0.71,na,-9,-24,-30,-50,not audited,separated,6/8/2020,billion,dong
310,LDP,HNX,2020Q2,-13.16,na,-195,"-1,681.00",417,34.8,not audited,separated,6/8/2020,billion,dong
311,HOM,HNX,2020Q2,0.73,-91.4,3,11,181,15.5,not audited,separated,6/8/2020,billion,dong
312,GAB,HOSE,2020Q2,1.41,-74,6,102,913,166.8,not audited,separated,6/8/2020,billion,dong
313,DHP,HNX,2020Q2,8.29,6.3,66,873,"1,325.00",7.2,not audited,separated,6/8/2020,billion,dong
314,CLM,HNX,2020Q2,32.28,182,76,"2,935.00","5,614.00",2.8,not audited,separated,6/8/2020,billion,dong
315,EMC,HOSE,2020Q2,0.78,281,na,51,124,78.9,not audited,separated,6/8/2020,billion,dong
316,DNC,HNX,2020Q2,7.22,-4.4,36,"1,756.00","4,952.00",9.7,not audited,separated,6/8/2020,billion,dong
317,CLW,HOSE,2020Q2,11.93,-26,na,918,"1,364.00",17.9,not audited,separated,6/8/2020,billion,dong
318,VFG,HOSE,2020Q2,60.51,-18.1,50,"1,887.00","3,977.00",9.6,not audited,consolidated,6/8/2020,billion,dong
319,VCS,HNX,2020Q2,560.94,-16.3,41,"3,546.00","8,223.00",7.4,not audited,consolidated,6/8/2020,billion,dong
320,EBS,HNX,2020Q2,3.26,-25.4,39,327,912,8,not audited,separated,6/8/2020,billion,dong
321,AGG,HOSE,2020Q2,189.45,195.9,na,"2,526.00","6,012.00",4.5,not audited,consolidated,6/8/2020,billion,dong
322,YEG,HOSE,2020Q2,4.21,104.5,3,142,"-9,237.00",-5.2,not audited,consolidated,6/8/2020,billion,dong
323,TDT,HNX,2020Q2,1.87,-76.4,4,198,"2,177.00",4.1,not audited,separated,6/8/2020,billion,dong
324,PLP,HOSE,2020Q2,24.49,22.8,46,980,"2,110.00",6.4,not audited,separated,6/8/2020,billion,dong
325,TDG,HOSE,2020Q2,-4.17,-364.5,-113,-248,-156,-10.6,not audited,separated,6/8/2020,billion,dong
326,C69,HNX,2020Q2,1.71,-31.2,21,128,312,17.6,not audited,separated,6/8/2020,billion,dong
327,CTP,HNX,2020Q2,0,100,na,na,895,2.6,not audited,separated,6/8/2020,billion,dong
328,DGW,HOSE,2020Q2,93.14,59.2,46,"2,214.00","4,640.00",9.2,not audited,consolidated,6/8/2020,billion,dong
329,VAF,HOSE,2020Q2,11.2,7.5,40,297,338,29.1,not audited,separated,6/8/2020,billion,dong
330,SCS,HOSE,2020Q2,221.19,-7.7,59,"4,398.00","9,625.00",11.5,not audited,separated,6/8/2020,billion,dong
331,DRL,HOSE,2020Q2,23.01,-28.5,51,"2,422.00","4,894.00",10.5,not audited,separated,6/8/2020,billion,dong
332,TDC,HOSE,2020Q2,19.36,71.3,15,194,"1,676.00",4.9,not audited,consolidated,6/8/2020,billion,dong
333,APC,HOSE,2020Q2,25.25,10.5,213,"1,677.00","4,011.00",4.5,not audited,separated,6/8/2020,billion,dong
334,CMV,HOSE,2020Q2,5.62,-28.3,35,464,"1,205.00",10.7,not audited,consolidated,6/8/2020,billion,dong
335,VTJ,HNX,2020Q2,-0.29,-102.2,-6,-26,-36,-111.1,not audited,consolidated,6/8/2020,billion,dong
336,VCC,HNX,2020Q2,2.08,-45.6,na,174,"1,059.00",8.5,not audited,separated,6/8/2020,billion,dong
337,DVP,HOSE,2020Q2,139.43,-1,na,"3,486.00","6,157.00",5.9,not audited,separated,6/8/2020,billion,dong
338,MKV,HNX,2020Q2,2.02,286.5,na,403,652,15.3,not audited,separated,6/8/2020,billion,dong
339,CSM,HOSE,2020Q2,31.58,277.1,28,305,736,20.6,not audited,separated,6/8/2020,billion,dong
340,VNS,HOSE,2020Q2,-126.41,-307.9,147,"-1,863.00","-1,159.00",-9.8,not audited,consolidated,6/8/2020,billion,dong
341,DBC,HOSE,2020Q2,750.08,"2,618.80",164,"8,066.00","11,051.00",4.3,not audited,consolidated,6/8/2020,billion,dong
342,VTV,HNX,2020Q2,4.08,-61,na,131,209,27.3,not audited,separated,6/8/2020,billion,dong
343,VC6,HNX,2020Q2,1.56,7.8,19,195,"1,011.00",7.7,not audited,separated,6/8/2020,billion,dong
344,DST,HNX,2020Q2,5.72,213.5,88,178,323,20.4,not audited,consolidated,6/8/2020,billion,dong
345,TBC,HOSE,2020Q2,75.79,-25.3,62,"1,194.00","1,634.00",14.7,not audited,consolidated,6/8/2020,billion,dong
346,NST,HNX,2020Q2,-16.23,na,na,"-1,449.00",162,64.2,not audited,separated,6/8/2020,billion,dong
347,VID,HOSE,2020Q2,5.33,"2,812.70",44,190,216,52.8,not audited,consolidated,6/8/2020,billion,dong
348,SGC,HNX,2020Q2,15.36,-4.9,na,"2,149.00","4,479.00",12.8,not audited,separated,6/8/2020,billion,dong
349,CAN,HNX,2020Q2,12.52,"1,789.30",108,"2,504.00","5,347.00",4.5,not audited,consolidated,6/8/2020,billion,dong
350,BBC,HOSE,2020Q2,50.11,109.3,na,"3,250.00","7,871.00",5.6,not audited,consolidated,6/8/2020,billion,dong
351,THD,HNX,2020Q2,13.36,na,na,248,na,na,not audited,separated,6/8/2020,billion,dong
352,STK,HOSE,2020Q2,54.89,-49.9,23,780,"2,271.00",6.5,not audited,consolidated,6/8/2020,billion,dong
353,SMB,HOSE,2020Q2,60,-43.1,na,"2,010.00","5,415.00",5.9,not audited,consolidated,6/8/2020,billion,dong
354,TCO,HOSE,2020Q2,8.05,1.3,na,480,974,8.6,not audited,consolidated,6/8/2020,billion,dong
355,THT,HNX,2020Q2,19.18,3.3,na,781,"2,658.00",2.5,not audited,separated,6/8/2020,billion,dong
356,SSM,HNX,2020Q2,3.49,48.6,49,706,"2,217.00",2.6,not audited,separated,6/8/2020,billion,dong
357,TPP,HNX,2020Q2,6.69,"1,011.40",72,343,565,23.5,not audited,separated,6/8/2020,billion,dong
358,TCM,HOSE,2020Q2,115.01,21.1,65,"1,986.00","4,071.00",5.4,not audited,consolidated,6/8/2020,billion,dong
359,VIS,HOSE,2020Q2,-16.49,na,34,-223,"-2,294.00",-6.7,not audited,separated,6/8/2020,billion,dong
360,KDC,HOSE,2020Q2,47.37,-4.6,19,230,321,104,not audited,consolidated,6/8/2020,billion,dong
361,HLD,HNX,2020Q2,14.44,4.3,na,722,"3,831.00",5.1,not audited,separated,6/8/2020,billion,dong
362,QHD,HNX,2020Q2,11.94,870.2,na,"2,162.00","4,169.00",4.8,not audited,separated,6/8/2020,billion,dong
363,KSB,HOSE,2020Q2,159.1,4.1,50,"2,966.00","6,378.00",3.7,not audited,consolidated,6/8/2020,billion,dong
364,HGM,HNX,2020Q2,4.23,-41.6,47,355,272,139.7,not audited,separated,6/8/2020,billion,dong
365,KMT,HNX,2020Q2,1.09,7.2,18,110,748,9.1,not audited,separated,6/8/2020,billion,dong
366,OPC,HOSE,2020Q2,54.64,3.7,56,"2,056.00","4,006.00",13.7,not audited,consolidated,6/8/2020,billion,dong
367,PSC,HNX,2020Q2,4.92,-37.1,na,683,"1,754.00",9,not audited,separated,6/8/2020,billion,dong
368,NHC,HNX,2020Q2,5.38,23.7,61,"1,770.00","4,350.00",6.7,not audited,consolidated,6/8/2020,billion,dong
369,PAC,HOSE,2020Q2,55.88,-30.9,36,"1,203.00","3,154.00",7,not audited,separated,6/8/2020,billion,dong
370,SVI,HOSE,2020Q2,62.23,26.4,59,"4,849.00","12,019.00",4.8,not audited,separated,6/8/2020,billion,dong
371,TAC,HOSE,2020Q2,67.81,40.9,47,"2,002.00","4,602.00",7.4,not audited,separated,6/8/2020,billion,dong
372,GKM,HNX,2020Q2,2.58,237.8,23,178,343,51,not audited,consolidated,6/8/2020,billion,dong
373,HUB,HOSE,2020Q2,31.69,-0.7,63,"2,079.00","4,199.00",4.4,not audited,consolidated,6/8/2020,billion,dong
374,LCM,HOSE,2020Q2,-0.18,-110.9,-9,-7,74,9.5,not audited,consolidated,6/8/2020,billion,dong
375,HU3,HOSE,2020Q2,0.27,-97.2,4,27,"1,019.00",7.2,not audited,separated,6/8/2020,billion,dong
376,MCP,HOSE,2020Q2,8.94,751.8,74,594,740,20,not audited,separated,6/8/2020,billion,dong
377,GIL,HOSE,2020Q2,103.32,64,109,"4,331.00","8,518.00",2.8,not audited,consolidated,6/8/2020,billion,dong
378,HAP,HOSE,2020Q2,8.74,-45.1,42,158,227,14.4,not audited,consolidated,6/8/2020,billion,dong
379,VHM,HOSE,2020Q2,"10,602.31",7.6,34,"3,195.00","6,646.00",12,not audited,consolidated,6/8/2020,billion,dong
380,GDT,HOSE,2020Q2,30.08,-8.9,35,"1,772.00","4,195.00",7.2,not audited,separated,6/8/2020,billion,dong
381,MST,HNX,2020Q2,0.04,-99.1,na,1,435,6,not audited,consolidated,6/8/2020,billion,dong
382,DDG,HNX,2020Q2,1.4,-83.3,9,114,609,45.6,not audited,separated,6/8/2020,billion,dong
383,LDG,HOSE,2020Q2,2.38,-98.8,na,10,"1,700.00",3.5,not audited,consolidated,6/8/2020,billion,dong
384,PDR,HOSE,2020Q2,279.05,15.6,23,843,"2,748.00",9.1,not audited,consolidated,6/8/2020,billion,dong
385,D11,HNX,2020Q2,5.25,-63.2,22,801,"2,846.00",6.3,not audited,separated,6/8/2020,billion,dong
386,L35,HNX,2020Q2,0.04,-84.2,na,13,22,290.9,not audited,separated,6/8/2020,billion,dong
387,NLG,HOSE,2020Q2,178.67,-32.8,22,728,"3,555.00",7.2,not audited,consolidated,6/8/2020,billion,dong
388,L62,HNX,2020Q2,0.61,-41.9,20,73,105,66.7,not audited,consolidated,6/8/2020,billion,dong
389,NTL,HOSE,2020Q2,54.3,-55,16,890,"2,766.00",5.5,not audited,separated,6/8/2020,billion,dong
390,SDT,HNX,2020Q2,2.62,174,12,61,200,17,not audited,consolidated,6/8/2020,billion,dong
391,NTP,HNX,2020Q2,204.13,-6.7,58,"2,153.00","4,160.00",7,not audited,consolidated,6/8/2020,billion,dong
392,NSC,HOSE,2020Q2,91.61,-17.9,49,"5,213.00","10,349.00",6.1,not audited,consolidated,6/8/2020,billion,dong
393,BMP,HOSE,2020Q2,256.95,23.4,59,"3,139.00","5,760.00",8.9,not audited,consolidated,6/8/2020,billion,dong
394,TCR,HOSE,2020Q2,-21.66,na,na,-481,839,3.4,not audited,consolidated,6/8/2020,billion,dong
395,FDC,HOSE,2020Q2,-1.8,-102.8,-5,-47,19,660.5,not audited,consolidated,6/8/2020,billion,dong
396,PSD,HNX,2020Q2,30.57,8,67,998,"1,703.00",5.3,not audited,consolidated,6/8/2020,billion,dong
397,MED,HNX,2020Q2,10.43,na,30,"1,666.00",na,na,not audited,separated,6/8/2020,billion,dong
398,HU1,HOSE,2020Q2,1.85,2.7,25,185,912,6.5,not audited,consolidated,6/8/2020,billion,dong
399,TV2,HOSE,2020Q2,94.43,-32.8,63,"4,166.00","9,272.00",7.6,not audited,separated,6/8/2020,billion,dong
400,SDU,HNX,2020Q2,1.77,259.6,na,89,198,31.8,not audited,consolidated,6/8/2020,billion,dong
401,RDP,HOSE,2020Q2,6.63,137.5,9,183,"1,586.00",4.3,not audited,consolidated,6/8/2020,billion,dong
402,PPP,HNX,2020Q2,4.97,39.6,59,565,"1,542.00",8.6,not audited,consolidated,6/8/2020,billion,dong
403,PNJ,HOSE,2020Q2,439.92,-26.4,33,"1,964.00","4,612.00",12.1,not audited,consolidated,6/8/2020,billion,dong
404,QTC,HNX,2020Q2,2.25,-26.9,46,835,"2,067.00",8.1,not audited,consolidated,6/8/2020,billion,dong
405,LHG,HOSE,2020Q2,106.82,35.2,na,"2,136.00","3,229.00",6.5,not audited,consolidated,6/8/2020,billion,dong
406,HOT,HOSE,2020Q2,-10.3,-246.2,82,"-1,287.00",-627,-72.6,not audited,consolidated,6/8/2020,billion,dong
407,HT1,HOSE,2020Q2,313.1,-0.3,50,821,"1,949.00",7,not audited,consolidated,6/8/2020,billion,dong
408,SDC,HNX,2020Q2,0.25,-77.9,10,97,414,39.1,not audited,consolidated,6/8/2020,billion,dong
409,SDA,HNX,2020Q2,6.59,199.6,132,251,"-2,180.00",-2.2,not audited,consolidated,6/8/2020,billion,dong
410,PVI,HNX,2020Q2,430.78,-3,64,"1,874.00","3,061.00",10.1,not audited,consolidated,6/8/2020,billion,dong
411,PTS,HNX,2020Q2,3.24,110.1,71,582,"1,317.00",3.9,not audited,consolidated,6/8/2020,billion,dong
412,ACB,HNX,2020Q2,"3,058.71",5.5,50,"1,933.00","3,890.00",6.1,not audited,consolidated,6/8/2020,billion,dong
413,HTV,HOSE,2020Q2,13.16,-19.4,46,"1,004.00","1,968.00",6.4,not audited,consolidated,6/8/2020,billion,dong
414,CRE,HOSE,2020Q2,133.36,-29.8,33,"1,667.00","4,218.00",4.7,not audited,consolidated,6/8/2020,billion,dong
415,GAS,HOSE,2020Q2,"4,047.36",-33.1,61,"2,115.00","5,193.00",13.4,not audited,consolidated,6/8/2020,billion,dong
416,HHG,HNX,2020Q2,-29.53,"-4,514.40",na,-846,-452,-2.4,not audited,consolidated,6/8/2020,billion,dong
417,VMS,HNX,2020Q2,6.9,179,na,767,"1,182.00",4.8,not audited,separated,6/8/2020,billion,dong
418,CTD,HOSE,2020Q2,281.76,-9.9,63,"3,690.00","8,907.00",8.6,not audited,consolidated,6/8/2020,billion,dong
419,PIT,HOSE,2020Q2,0.65,-75.7,12,46,339,11.7,not audited,consolidated,6/8/2020,billion,dong
420,SD5,HNX,2020Q2,10.69,12.8,na,411,765,6.1,not audited,separated,6/8/2020,billion,dong
421,HJS,HNX,2020Q2,34.34,10.3,89,"1,635.00","2,493.00",11.8,not audited,consolidated,6/8/2020,billion,dong
422,FMC,HOSE,2020Q2,92.45,0.7,50,"2,005.00","4,994.00",5.3,not audited,separated,6/8/2020,billion,dong
423,EVG,HOSE,2020Q2,9.48,42.7,na,158,346,10.2,not audited,consolidated,6/8/2020,billion,dong
424,BWE,HOSE,2020Q2,249.26,19.7,53,"1,662.00","3,448.00",7.3,not audited,consolidated,6/8/2020,billion,dong
425,CIG,HOSE,2020Q2,-135.94,na,"-2,719.00","-4,310.00","-4,256.00",-0.4,not audited,consolidated,6/8/2020,billion,dong
426,DRH,HOSE,2020Q2,28.67,30.1,51,473,"1,064.00",5.8,not audited,consolidated,6/8/2020,billion,dong
427,CMX,HOSE,2020Q2,33.18,-29.9,37,"2,008.00","7,036.00",2.1,not audited,consolidated,6/8/2020,billion,dong
428,DSN,HOSE,2020Q2,0.98,-98.4,na,81,"2,758.00",15.3,not audited,consolidated,6/8/2020,billion,dong
429,BSC,HNX,2020Q2,0.74,66.4,75,234,363,32.2,not audited,consolidated,6/8/2020,billion,dong
430,BKC,HNX,2020Q2,-13.79,na,"-1,916.00","-1,175.00","1,009.00",5.7,not audited,consolidated,6/8/2020,billion,dong
431,DHC,HOSE,2020Q2,168.11,261.8,84,"3,107.00","5,605.00",8,not audited,consolidated,6/8/2020,billion,dong
432,DZM,HNX,2020Q2,2.31,169.1,18,428,"1,492.00",2.3,not audited,consolidated,6/8/2020,billion,dong
433,PGT,HNX,2020Q2,6.3,227.8,97,711,-630,-9,not audited,consolidated,6/8/2020,billion,dong
434,VCB,HOSE,2020Q2,"8,787.83",-3.1,na,"2,369.00","4,916.00",16.8,not audited,consolidated,6/8/2020,billion,dong
435,ANV,HOSE,2020Q2,75.49,-78.6,38,594,"3,351.00",4.7,not audited,consolidated,6/8/2020,billion,dong
436,DHG,HOSE,2020Q2,362.68,16.3,67,"2,774.00","5,248.00",18.5,not audited,consolidated,6/8/2020,billion,dong
437,VTC,HNX,2020Q2,0.05,100.4,na,10,"4,850.00",2.4,not audited,consolidated,6/8/2020,billion,dong
438,STB,HOSE,2020Q2,"1,129.11",-1.9,59,626,"1,348.00",7.8,not audited,consolidated,6/8/2020,billion,dong
439,TKC,HNX,2020Q2,-12.79,"-2,203.60",85,"-1,192.00","-1,171.00",-2.9,not audited,separated,6/8/2020,billion,dong
440,RIC,HOSE,2020Q2,-54.29,na,"-13,427,931.00",-777,-700,-7.8,not audited,separated,6/8/2020,billion,dong
441,VPG,HOSE,2020Q2,7.73,-73.4,18,287,"1,332.00",9.7,not audited,separated,6/8/2020,billion,dong
442,PPS,HNX,2020Q2,5.62,109.1,38,375,"1,189.00",5.9,not audited,separated,6/8/2020,billion,dong
443,PRC,HNX,2020Q2,-0.05,-106.5,-6,-44,481,17.9,not audited,separated,6/8/2020,billion,dong
444,TMT,HOSE,2020Q2,1.25,123.6,5,34,108,45.5,not audited,separated,6/8/2020,billion,dong
445,THI,HOSE,2020Q2,49.86,-23.5,38,"1,132.00","3,579.00",7.2,not audited,consolidated,6/8/2020,billion,dong
446,NBW,HNX,2020Q2,8.79,10.1,63,806,"1,319.00",13.7,not audited,separated,6/8/2020,billion,dong
447,BXH,HNX,2020Q2,2.49,24.2,na,827,"1,317.00",13.2,not audited,separated,6/8/2020,billion,dong
448,TV4,HNX,2020Q2,8.51,118.6,na,539,"1,363.00",8.6,not audited,separated,6/8/2020,billion,dong
449,HEV,HNX,2020Q2,1.01,-30.2,na,"1,010.00","1,537.00",7,not audited,separated,6/8/2020,billion,dong
450,NBC,HNX,2020Q2,-138.54,-967.5,-684,"-3,744.00","-3,364.00",-1.7,not audited,separated,6/8/2020,billion,dong
451,HMC,HOSE,2020Q2,14.67,-48.9,na,699,-121,-101.7,not audited,separated,6/8/2020,billion,dong
452,DTT,HOSE,2020Q2,4.4,41.2,na,539,"1,068.00",13.5,not audited,separated,6/8/2020,billion,dong
453,PGN,HNX,2020Q2,3.3,463.3,52,"1,000.00","2,388.00",5.6,not audited,separated,6/8/2020,billion,dong
454,ATS,HNX,2020Q2,0.1,-74.8,10,27,-72,-366.7,not audited,separated,6/8/2020,billion,dong
455,PCE,HNX,2020Q2,7.65,8.7,na,765,"1,618.00",10,not audited,separated,6/8/2020,billion,dong
456,DHM,HOSE,2020Q2,0.55,28.8,1,17,154,51.5,not audited,separated,6/8/2020,billion,dong
457,CTT,HNX,2020Q2,4.42,121.6,57,941,"2,284.00",5.6,not audited,consolidated,6/8/2020,billion,dong
458,PCT,HNX,2020Q2,12.2,-20.5,na,531,678,7.5,not audited,separated,6/8/2020,billion,dong
459,VCM,HNX,2020Q2,1.87,-62,32,623,"1,784.00",8.7,not audited,separated,6/8/2020,billion,dong
460,LM7,HNX,2020Q2,-3.17,"-3,606.60",-845,-634,-612,-4.7,not audited,separated,6/8/2020,billion,dong
461,TMX,HNX,2020Q2,4.04,-13.3,51,673,"1,577.00",7.4,not audited,separated,6/8/2020,billion,dong
462,CPC,HNX,2020Q2,5.61,-13.7,61,"1,374.00","2,438.00",6.6,not audited,separated,6/8/2020,billion,dong
463,DIH,HNX,2020Q2,0.27,126.6,14,45,512,25.4,not audited,separated,6/8/2020,billion,dong
464,VC1,HNX,2020Q2,4.25,-44,54,354,"1,128.00",8.9,not audited,separated,6/8/2020,billion,dong
465,ICG,HNX,2020Q2,2.86,-67.1,53,163,528,11.2,not audited,C?g ty m?,6/8/2020,billion,dong
466,TC6,HNX,2020Q2,16.38,121.1,80,504,-338,-13.3,not audited,separated,6/8/2020,billion,dong
467,TST,HNX,2020Q2,0.01,101.7,1,2,426,23.5,not audited,consolidated,6/8/2020,billion,dong
468,SD6,HNX,2020Q2,1.44,-71,na,41,62,37.1,not audited,separated,6/8/2020,billion,dong
469,VTO,HOSE,2020Q2,18.83,-60.1,36,239,901,7.3,not audited,consolidated,6/8/2020,billion,dong
470,RAL,HOSE,2020Q2,138.27,43.5,na,"12,024.00","14,505.00",6.2,not audited,separated,6/8/2020,billion,dong
471,MBG,HNX,2020Q2,25.46,880,100,604,"1,045.00",4.2,not audited,separated,6/8/2020,billion,dong
472,LAS,HNX,2020Q2,-13,-206.6,-31,-115,-202,-26.2,not audited,separated,6/8/2020,billion,dong
473,DC2,HNX,2020Q2,1.26,"1,168.40",14,501,"3,321.00",2,not audited,separated,6/8/2020,billion,dong
474,DP3,HNX,2020Q2,58.78,2.2,na,"6,835.00","9,921.00",7.3,not audited,separated,6/8/2020,billion,dong
475,VIE,HNX,2020Q2,-0.12,na,43,-65,760,8,not audited,separated,6/8/2020,billion,dong
476,HBS,HNX,2020Q2,0.61,-77.8,28,18,169,10.7,not audited,separated,6/8/2020,billion,dong
477,APS,HNX,2020Q2,6.73,135.4,67,173,-253,-9.5,not audited,separated,6/8/2020,billion,dong
478,VIG,HNX,2020Q2,-2.67,na,-508,-78,-104,-6.7,not audited,separated,6/8/2020,billion,dong
479,SC5,HOSE,2020Q2,10.39,-60.3,49,693,"1,202.00",15.3,not audited,separated,6/8/2020,billion,dong
480,CET,HNX,2020Q2,-0.19,-147,na,-31,-278,-10.1,not audited,separated,6/8/2020,billion,dong
481,HKT,HNX,2020Q2,1.06,448.3,11,173,249,22.1,not audited,separated,6/8/2020,billion,dong
482,PMP,HNX,2020Q2,2.17,492.3,35,516,"1,361.00",7,not audited,separated,6/8/2020,billion,dong
483,ACM,HNX,2020Q2,-5.28,na,-440,-103,-19,-31.6,not audited,separated,6/8/2020,billion,dong
484,KLF,HNX,2020Q2,21.21,23.2,177,128,96,16.7,not audited,separated,6/8/2020,billion,dong
485,PSW,HNX,2020Q2,4.43,-8.5,na,260,328,22.3,not audited,separated,6/8/2020,billion,dong
486,VE4,HNX,2020Q2,0.15,-60.2,9,150,284,16.2,not audited,separated,6/8/2020,billion,dong
487,PV2,HNX,2020Q2,-0.06,-101,-3,-2,157,15.9,not audited,separated,6/8/2020,billion,dong
488,AMC,HNX,2020Q2,2.83,-32.9,40,995,"2,701.00",6.4,not audited,separated,6/8/2020,billion,dong
489,NHA,HNX,2020Q2,13.6,22,43,836,"4,355.00",2.8,not audited,separated,6/8/2020,billion,dong
490,TNT,HOSE,2020Q2,-1.49,-196.7,-93,-58,-27,-51.9,not audited,consolidated,6/8/2020,billion,dong
491,CMS,HNX,2020Q2,0.54,-87.7,-14,31,-7,-485.7,not audited,consolidated,6/8/2020,billion,dong
492,ADC,HNX,2020Q2,2.89,-17.1,28,943,"3,379.00",3.6,not audited,separated,6/8/2020,billion,dong
493,HAT,HNX,2020Q2,8.99,-24.7,na,"2,880.00","4,330.00",4.6,not audited,separated,6/8/2020,billion,dong
494,MCC,HNX,2020Q2,1.04,-68.3,15,209,877,15.7,not audited,separated,6/8/2020,billion,dong
495,VE3,HNX,2020Q2,0.17,39,19,130,792,7.3,not audited,separated,6/8/2020,billion,dong
496,MAC,HNX,2020Q2,-0.61,-109.5,na,-40,327,16.8,not audited,separated,6/8/2020,billion,dong
497,VBC,HNX,2020Q2,14.29,-6.9,42,"1,905.00","3,651.00",4.7,not audited,separated,6/8/2020,billion,dong
498,V12,HNX,2020Q2,3.34,69.1,31,575,"1,293.00",8.5,not audited,separated,6/8/2020,billion,dong
499,LO5,HNX,2020Q2,-41.58,na,na,"-8,074.00","-3,521.00",-0.5,not audited,separated,6/8/2020,billion,dong
500,L61,HNX,2020Q2,0.53,-45.8,38,70,215,64.7,not audited,separated,6/8/2020,billion,dong
501,TMP,HOSE,2020Q2,99.66,-25.3,31,"1,424.00","4,685.00",7.6,not audited,consolidated,6/8/2020,billion,dong
502,VE1,HNX,2020Q2,-5.3,na,na,-893,-323,-23.5,not audited,separated,6/8/2020,billion,dong
503,NVB,HNX,2020Q2,18.36,11.6,na,45,111,77.5,not audited,consolidated,6/8/2020,billion,dong
504,ONE,HNX,2020Q2,1.91,-29.3,64,240,478,7.7,not audited,separated,6/8/2020,billion,dong
505,SD4,HNX,2020Q2,1.14,-79.4,8,111,624,5.3,not audited,separated,6/8/2020,billion,dong
506,VE9,HNX,2020Q2,-4.42,na,151,-353,"-2,606.00",-0.4,not audited,separated,6/8/2020,billion,dong
507,NGC,HNX,2020Q2,-16.08,"-2,764.60","-1,483.00","-6,990.00","-11,385.00",-0.2,not audited,separated,6/8/2020,billion,dong
508,TKU,HNX,2020Q2,26.84,3.7,89,834,"1,356.00",6.3,not audited,separated,6/8/2020,billion,dong
509,S55,HNX,2020Q2,7.38,-69.6,26,738,"1,727.00",13.5,not audited,consolidated,6/8/2020,billion,dong
510,SDN,HNX,2020Q2,4.08,4.5,75,"2,689.00","4,321.00",7.4,not audited,separated,6/8/2020,billion,dong
511,TCT,HOSE,2020Q2,6.01,-91.6,16,470,150,165.3,not audited,separated,6/8/2020,billion,dong
512,HAS,HOSE,2020Q2,0.4,-73,4,51,528,13,not audited,consolidated,6/8/2020,billion,dong
513,TS4,HOSE,2020Q2,-23.29,-346.9,"-2,070.00","-1,451.00","-1,718.00",-1.8,not audited,consolidated,6/8/2020,billion,dong
514,SAV,HOSE,2020Q2,11.79,-8.5,63,871,"1,703.00",4.5,not audited,separated,6/8/2020,billion,dong
515,PBP,HNX,2020Q2,0.53,-79.1,10,111,696,9.2,not audited,separated,6/8/2020,billion,dong
516,SVN,HNX,2020Q2,0.07,122,na,3,-5,-360,not audited,separated,6/8/2020,billion,dong
517,ITQ,HNX,2020Q2,0.2,26.7,7,9,39,59,not audited,separated,6/8/2020,billion,dong
518,THS,HNX,2020Q2,1.93,26.4,80,714,"1,308.00",5.5,not audited,separated,6/8/2020,billion,dong
519,NSH,HNX,2020Q2,0.25,-74.8,3,12,46,28.3,not audited,separated,6/8/2020,billion,dong
520,MDG,HOSE,2020Q2,4.26,10.1,26,412,"1,179.00",9.3,not audited,separated,6/8/2020,billion,dong
521,PVL,HNX,2020Q2,-4.77,na,na,-95,-160,-7.5,not audited,separated,6/8/2020,billion,dong
522,NAG,HNX,2020Q2,9.06,-9.6,113,585,898,5.3,not audited,consolidated,6/8/2020,billion,dong
523,BLF,HNX,2020Q2,3.97,-14.6,62,345,355,8.5,not audited,separated,6/8/2020,billion,dong
524,LUT,HNX,2020Q2,0.12,-46.9,24,8,10,170,not audited,separated,6/8/2020,billion,dong
525,CJC,HNX,2020Q2,1.64,57.8,73,409,"-7,669.00",-2,not audited,separated,6/8/2020,billion,dong
526,ABS,HOSE,2020Q2,7.67,-50.6,15,266,888,13.2,not audited,separated,6/8/2020,billion,dong
527,TTB,HOSE,2020Q2,2.44,-91.1,na,52,248,20.4,not audited,separated,6/8/2020,billion,dong
528,LCD,HNX,2020Q2,1.28,38.9,94,856,"1,166.00",5.8,not audited,separated,6/8/2020,billion,dong
529,DNM,HNX,2020Q2,25.55,752.1,105,"5,836.00","7,135.00",9,not audited,separated,6/8/2020,billion,dong
530,MDC,HNX,2020Q2,10.2,"1,643.80",49,476,"1,425.00",6.9,not audited,separated,6/8/2020,billion,dong
531,HLC,HNX,2020Q2,28.72,87.3,88,"1,130.00","2,517.00",3.1,not audited,separated,6/8/2020,billion,dong
532,IVS,HNX,2020Q2,14.17,299,na,245,-768,-8.3,not audited,separated,6/8/2020,billion,dong
533,APG,HOSE,2020Q2,4.4,305,17,129,794,15.5,not audited,separated,6/8/2020,billion,dong
534,VCI,HOSE,2020Q2,323.63,-5.4,78,"1,972.00","4,110.00",5.2,not audited,separated,6/8/2020,billion,dong
535,FTS,HOSE,2020Q2,22.34,-89.1,14,185,261,49,not audited,separated,6/8/2020,billion,dong
536,KMR,HOSE,2020Q2,0.75,-90.9,11,13,-70,-30.7,not audited,separated,6/8/2020,billion,dong
537,VDS,HOSE,2020Q2,13.01,-48.4,36,130,224,25.9,not audited,separated,6/8/2020,billion,dong
538,VGP,HNX,2020Q2,0.41,29.7,9,53,884,11.7,not audited,separated,6/8/2020,billion,dong
539,LAF,HOSE,2020Q2,4.03,-29.2,30,274,"1,100.00",7.8,not audited,separated,6/8/2020,billion,dong
540,SRC,HOSE,2020Q2,25.31,79.7,na,902,"1,874.00",7.7,not audited,separated,6/8/2020,billion,dong
541,VHE,HNX,2020Q2,0.14,-98.4,48,16,43,97.7,not audited,separated,6/8/2020,billion,dong
542,VPD,HOSE,2020Q2,0.44,-99.3,na,4,317,45,not audited,separated,6/8/2020,billion,dong
543,VKC,HNX,2020Q2,1.73,483.8,40,90,214,19.6,not audited,separated,6/8/2020,billion,dong
544,CKV,HNX,2020Q2,1.84,-25.3,na,458,"1,174.00",9.3,not audited,separated,6/8/2020,billion,dong
545,TSB,HNX,2020Q2,1.88,-11.4,57,278,679,10.8,not audited,separated,6/8/2020,billion,dong
546,S74,HNX,2020Q2,-0.92,na,82,-142,41,104.9,not audited,separated,6/8/2020,billion,dong
547,CX8,HNX,2020Q2,0.04,-53.6,4,16,316,27.2,not audited,separated,6/8/2020,billion,dong
548,CTC,HNX,2020Q2,0.08,-78.7,na,9,-110,-48.2,not audited,separated,6/8/2020,billion,dong
549,DXV,HOSE,2020Q2,0.56,124.1,na,57,305,8.2,not audited,separated,6/8/2020,billion,dong
550,HBE,HNX,2020Q2,-0.24,-128.7,na,-108,376,21,not audited,separated,6/8/2020,billion,dong
551,STP,HNX,2020Q2,5.73,443.6,127,714,"1,425.00",4.8,not audited,separated,6/8/2020,billion,dong
552,DXP,HNX,2020Q2,19.03,37.7,61,732,"1,788.00",5.6,not audited,separated,6/8/2020,billion,dong
553,SHE,HNX,2020Q2,9.73,27.3,46,"1,947.00","5,562.00",3.5,not audited,separated,6/8/2020,billion,dong
554,HCD,HOSE,2020Q2,5.79,-66.7,36,214,298,11.6,not audited,separated,6/8/2020,billion,dong
555,GSP,HOSE,2020Q2,28.36,29.1,54,852,"1,768.00",5.7,not audited,separated,6/8/2020,billion,dong
556,VDP,HOSE,2020Q2,23.1,17.2,51,"1,811.00","3,700.00",8.9,not audited,separated,6/8/2020,billion,dong
557,TDN,HNX,2020Q2,25.47,131.2,153,865,"3,273.00",2.1,not audited,separated,6/8/2020,billion,dong
558,SPM,HOSE,2020Q2,3.06,6.6,27,222,673,18.1,not audited,separated,6/8/2020,billion,dong
559,HCC,HNX,2020Q2,0.8,-88.2,6,122,"1,039.00",11.3,not audited,separated,6/8/2020,billion,dong
560,SSC,HOSE,2020Q2,19.52,-58.3,49,"1,468.00","3,503.00",14.3,not audited,separated,6/8/2020,billion,dong
561,KOS,HOSE,2020Q2,8.59,-35.9,29,83,224,135.3,not audited,separated,6/8/2020,billion,dong
562,TVS,HOSE,2020Q2,31.42,-37.4,31,383,955,11.1,not audited,consolidated,6/8/2020,billion,dong
563,FCM,HOSE,2020Q2,20.28,-16.5,42,495,924,6.7,not audited,consolidated,6/8/2020,billion,dong
564,PXS,HOSE,2020Q2,0.59,101.2,na,10,"-3,264.00",-1.5,not audited,separated,6/8/2020,billion,dong
565,TPB,HOSE,2020Q2,"1,628.01",25.7,53,"1,974.00","4,156.00",5.1,not audited,separated,6/8/2020,billion,dong
566,COM,HOSE,2020Q2,6.96,-75.7,12,493,"2,077.00",24.6,not audited,separated,6/8/2020,billion,dong
567,DAT,HOSE,2020Q2,18.48,-31.8,46,402,"1,166.00",60.4,not audited,separated,6/8/2020,billion,dong
568,TVC,HNX,2020Q2,40.85,197.7,58,"1,021.00","1,228.00",6.3,not audited,consolidated,6/8/2020,billion,dong
569,SMA,HOSE,2020Q2,-10.18,"-29,266.00",-51,-535,225,52,not audited,separated,6/8/2020,billion,dong
570,TDW,HOSE,2020Q2,13.5,55.9,53,"1,588.00","2,927.00",7.3,not audited,separated,6/8/2020,billion,dong
571,PVG,HNX,2020Q2,-7.62,"-1,850.10",-40,-209,-301,-22.9,not audited,separated,6/8/2020,billion,dong
572,VC3,HNX,2020Q2,8.71,12.7,16,206,"1,211.00",13.2,not audited,consolidated,6/8/2020,billion,dong
573,CTB,HNX,2020Q2,24.15,279.7,101,"1,792.00","3,467.00",10.6,not audited,separated,6/8/2020,billion,dong
574,BTS,HNX,2020Q2,35.11,2,na,293,492,9.3,not audited,separated,6/8/2020,billion,dong
575,KHP,HOSE,2020Q2,-230.19,na,"-1,023.00","-5,745.00","-3,513.00",-2.7,not audited,separated,6/8/2020,billion,dong
576,KPF,HOSE,2020Q2,1.53,-29.7,3,85,"1,613.00",9.8,not audited,consolidated,6/8/2020,billion,dong
577,MSC,HNX,2020Q2,-8.26,na,na,-367,"-1,047.00",-14.4,not audited,separated,6/8/2020,billion,dong
578,HVT,HNX,2020Q2,13.42,-61.4,21,"1,221.00","3,146.00",10.2,not audited,separated,6/8/2020,billion,dong
579,ASP,HOSE,2020Q2,19.59,-38.8,39,525,775,6.6,not audited,C?g ty m?,6/8/2020,billion,dong
580,DPM,HOSE,2020Q2,407.71,390.3,94,"1,042.00","1,795.00",7.6,not audited,consolidated,6/8/2020,billion,dong
581,SAF,HNX,2020Q2,23.2,7,56,"2,863.00","5,367.00",7.3,not audited,separated,6/8/2020,billion,dong
582,SGH,HNX,2020Q2,3.55,-62.2,na,287,"1,007.00",38,not audited,separated,6/8/2020,billion,dong
583,CTS,HOSE,2020Q2,10.03,-83.8,9,94,591,10.8,not audited,separated,6/8/2020,billion,dong
584,TVB,HOSE,2020Q2,36.75,237.8,52,897,"1,107.00",6.5,not audited,separated,6/8/2020,billion,dong
585,ART,HNX,2020Q2,0.44,-97.1,1,5,690,3.2,not audited,separated,6/8/2020,billion,dong
586,WSS,HNX,2020Q2,-16.05,na,"-1,097.00",-319,211,9,not audited,separated,6/8/2020,billion,dong
587,VIX,HNX,2020Q2,46.2,-24.7,58,400,876,9.6,not audited,separated,6/8/2020,billion,dong
588,SHS,HNX,2020Q2,266.04,132.1,111,"1,284.00","1,959.00",5.3,not audited,separated,6/8/2020,billion,dong
589,HCM,HOSE,2020Q2,251.1,30.4,55,822,"1,608.00",10.7,not audited,separated,6/8/2020,billion,dong
590,PME,HOSE,2020Q2,140.3,-6.4,43,"1,870.00","4,150.00",15.2,not audited,separated,6/8/2020,billion,dong
591,SBA,HOSE,2020Q2,8.81,-85.9,na,146,736,19,not audited,separated,6/8/2020,billion,dong
592,SHP,HOSE,2020Q2,0.35,-93,na,4,"2,259.00",10.8,not audited,separated,6/8/2020,billion,dong
593,DMC,HOSE,2020Q2,107.96,0.2,46,"3,109.00","6,705.00",7.5,not audited,separated,6/8/2020,billion,dong
594,DXG,HOSE,2020Q2,38.1,-93.2,na,80,"1,464.00",6.5,not audited,consolidated,6/8/2020,billion,dong
595,TDM,HOSE,2020Q2,77.89,10,na,814,"2,203.00",11.3,not audited,separated,6/8/2020,billion,dong
596,NCT,HOSE,2020Q2,99.37,-13.6,na,"3,798.00","7,837.00",7.7,not audited,separated,6/8/2020,billion,dong
597,CHP,HOSE,2020Q2,-9.55,-116.6,-4,-69,"1,074.00",17.3,not audited,separated,6/8/2020,billion,dong
598,LIX,HOSE,2020Q2,112.04,34,na,"3,458.00","6,396.00",8.3,not audited,separated,6/8/2020,billion,dong
599,VPB,HOSE,2020Q2,"5,265.02",51.7,69,"2,158.00","4,124.00",5.2,not audited,consolidated,6/8/2020,billion,dong
600,HHC,HNX,2020Q2,0.19,2.4,na,11,"2,487.00",43,not audited,separated,6/8/2020,billion,dong
601,C92,HNX,2020Q2,0.54,111.5,67,101,41,78,not audited,separated,6/8/2020,billion,dong
602,DPC,HNX,2020Q2,2.91,9.4,na,"1,302.00","2,671.00",4.3,not audited,separated,6/8/2020,billion,dong
603,BTW,HNX,2020Q2,22.54,19,75,"2,409.00","3,912.00",6,not audited,separated,6/8/2020,billion,dong
604,L43,HNX,2020Q2,0.1,97.6,11,28,43,55.8,not audited,separated,6/8/2020,billion,dong
605,TNG,HNX,2020Q2,65.71,-29.4,29,"1,031.00","3,194.00",3.6,not audited,consolidated,6/8/2020,billion,dong
606,IMP,HOSE,2020Q2,88.43,28.3,45,"1,790.00","3,682.00",12,not audited,separated,6/8/2020,billion,dong
607,PSI,HNX,2020Q2,3.48,-9.4,54,58,110,27.3,not audited,separated,6/8/2020,billion,dong
608,MBS,HNX,2020Q2,107.28,-14.6,72,807,"1,590.00",5.6,not audited,separated,6/8/2020,billion,dong
609,BSI,HOSE,2020Q2,32.61,-40.1,30,268,752,10.2,not audited,separated,6/8/2020,billion,dong
610,BVS,HNX,2020Q2,51.6,-18.5,65,714,"1,713.00",5.5,not audited,separated,6/8/2020,billion,dong
611,KSD,HNX,2020Q2,-4.77,-285,-794,-397,-288,-15.3,not audited,separated,6/8/2020,billion,dong
612,L14,HNX,2020Q2,15.16,-60.3,na,835,"3,131.00",20,not audited,consolidated,6/8/2020,billion,dong
613,DAD,HNX,2020Q2,9.43,-30.3,81,"2,024.00","2,051.00",7.9,not audited,separated,6/8/2020,billion,dong
614,HCT,HNX,2020Q2,0.77,-25.3,na,381,824,12.7,not audited,separated,6/8/2020,billion,dong
615,TNI,HOSE,2020Q2,5.1,-32.5,28,97,301,11.2,not audited,consolidated,6/8/2020,billion,dong
616,BDB,HNX,2020Q2,0.41,-31.9,42,367,786,13.7,not audited,separated,6/8/2020,billion,dong
617,BED,HNX,2020Q2,2.87,1.5,na,958,"2,421.00",13.6,not audited,separated,6/8/2020,billion,dong
618,BPC,HNX,2020Q2,3.71,46.3,71,976,"1,762.00",5.7,not audited,separated,6/8/2020,billion,dong
619,RCL,HNX,2020Q2,6.51,33.3,59,645,"1,383.00",13.4,not audited,consolidated,6/8/2020,billion,dong
620,ABT,HOSE,2020Q2,10.36,-60.9,55,898,"2,825.00",10.8,not audited,consolidated,6/8/2020,billion,dong
621,DPG,HOSE,2020Q2,66.88,228.7,29,"1,494.00","5,246.00",3.9,not audited,consolidated,6/8/2020,billion,dong
622,GDW,HNX,2020Q2,6.59,-47.4,42,693,"1,169.00",16.3,not audited,separated,6/8/2020,billion,dong
623,SZC,HOSE,2020Q2,125.16,155.2,na,"1,252.00","2,116.00",12.7,not audited,consolidated,6/8/2020,billion,dong
624,MEL,HNX,2020Q2,1.65,-43.7,44,110,365,21.9,not audited,separated,6/8/2020,billion,dong
625,S4A,HOSE,2020Q2,11.61,-61,11,275,"2,258.00",12.2,not audited,separated,6/8/2020,billion,dong
626,PMB,HNX,2020Q2,10.04,-14.7,115,837,871,10.7,not audited,separated,6/8/2020,billion,dong
627,FID,HNX,2020Q2,0.09,125.5,4,4,18,55.6,not audited,separated,6/8/2020,billion,dong
628,NAP,HNX,2020Q2,6.11,27.1,66,284,472,27.5,not audited,separated,6/8/2020,billion,dong
629,SKG,HOSE,2020Q2,6.13,-91.7,12,97,669,12.2,not audited,separated,6/8/2020,billion,dong
630,BCF,HNX,2020Q2,47.11,118.9,92,"2,570.00","5,152.00",8.7,not audited,consolidated,6/8/2020,billion,dong
631,APP,HNX,2020Q2,-0.32,na,-15,-69,80,42.5,not audited,separated,6/8/2020,billion,dong
632,AME,HNX,2020Q2,1.21,91.9,6,48,779,8.9,not audited,separated,6/8/2020,billion,dong
633,VLA,HNX,2020Q2,-1.88,na,na,"-1,745.00",472,27.8,reviewed,separated,6/8/2020,billion,dong
634,PCG,HNX,2020Q2,0.08,100.6,271,4,-513,-10.1,not audited,consolidated,6/8/2020,billion,dong
635,GMX,HNX,2020Q2,12.38,14.5,55,"2,329.00","4,921.00",4.9,not audited,separated,6/8/2020,billion,dong
636,PEN,HNX,2020Q2,-6.54,-343.1,-109,"-1,308.00","-1,218.00",-4.3,not audited,separated,6/8/2020,billion,dong
637,TIP,HOSE,2020Q2,49,3.4,70,"1,884.00","3,716.00",5.2,not audited,consolidated,6/8/2020,billion,dong
638,BCE,HOSE,2020Q2,6.44,22.7,19,215,"1,233.00",6.5,not audited,separated,6/8/2020,billion,dong
639,LM8,HOSE,2020Q2,1.95,-76.8,na,208,596,19.5,not audited,separated,6/8/2020,billion,dong
640,VSA,HNX,2020Q2,13.92,-14.6,na,988,"2,441.00",5.7,not audited,separated,6/8/2020,billion,dong
641,AGR,HOSE,2020Q2,42.52,30.2,64,201,370,9.3,not audited,separated,6/8/2020,billion,dong
642,CAV,HOSE,2020Q2,194.66,-19.4,52,"3,383.00","7,764.00",8.4,not audited,consolidated,6/8/2020,billion,dong
643,MCO,HNX,2020Q2,0.05,33.4,17,13,26,88.5,not audited,separated,6/8/2020,billion,dong
644,VC7,HNX,2020Q2,5.41,4.5,19,238,543,8.5,not audited,separated,6/8/2020,billion,dong
645,HTP,HNX,2020Q2,0.29,-31.5,18,178,227,44.1,not audited,separated,6/8/2020,billion,dong
646,SFN,HNX,2020Q2,6.86,232.8,na,"2,396.00","3,711.00",6.5,not audited,separated,6/8/2020,billion,dong
647,TTC,HNX,2020Q2,9.31,-3.6,90,"1,567.00","2,478.00",4.6,not audited,separated,6/8/2020,billion,dong
648,SVT,HOSE,2020Q2,3.11,-40.5,58,295,787,22.7,not audited,separated,6/8/2020,billion,dong
649,NNC,HOSE,2020Q2,59.12,0.9,65,"2,697.00","5,623.00",8.2,not audited,separated,6/8/2020,billion,dong
650,SMN,HNX,2020Q2,2.8,-58.5,34,637,"1,280.00",6.6,not audited,separated,6/8/2020,billion,dong
651,KHS,HNX,2020Q2,8.75,-36.9,29,729,"1,765.00",6.4,not audited,consolidated,6/8/2020,billion,dong
652,VE2,HNX,2020Q2,0.5,2.3,na,237,112,58,not audited,separated,6/8/2020,billion,dong
653,D2D,HOSE,2020Q2,150.2,80.2,84,"7,162.00","21,894.00",2.5,not audited,separated,6/8/2020,billion,dong
654,UIC,HOSE,2020Q2,28.55,-0.7,59,"3,569.00","7,417.00",4.9,not audited,separated,6/8/2020,billion,dong
655,BMC,HOSE,2020Q2,6.31,-21.7,na,509,"1,156.00",8.5,not audited,separated,6/8/2020,billion,dong
656,CLC,HOSE,2020Q2,55.41,-7.1,46,"2,114.00","5,200.00",4.9,not audited,separated,6/8/2020,billion,dong
657,AAV,HNX,2020Q2,6.67,-53.6,33,209,679,7.5,not audited,consolidated,6/8/2020,billion,dong
658,KST,HNX,2020Q2,3.9,-16.1,na,"1,302.00","3,014.00",6.3,not audited,separated,6/8/2020,billion,dong
659,WCS,HNX,2020Q2,24.53,-27.1,37,"9,813.00","23,784.00",8,not audited,separated,6/8/2020,billion,dong
660,NBP,HNX,2020Q2,22.72,130.6,114,"1,766.00","1,922.00",6.7,not audited,separated,6/8/2020,billion,dong
661,CAG,HNX,2020Q2,2.72,-27.5,65,197,225,380.9,not audited,separated,6/8/2020,billion,dong
662,PVB,HNX,2020Q2,86.59,366.8,178,"4,009.00","7,271.00",2.2,not audited,separated,6/8/2020,billion,dong
663,TV3,HNX,2020Q2,6.94,272.1,36,838,"2,670.00",10.8,not audited,separated,6/8/2020,billion,dong
664,V21,HNX,2020Q2,-4.5,-346.9,na,-375,-494,-8.3,not audited,separated,6/8/2020,billion,dong
665,PGD,HOSE,2020Q2,46.32,-59.9,23,515,"1,829.00",15,not audited,separated,6/8/2020,billion,dong
666,CMC,HNX,2020Q2,-2.07,na,-92,-453,-102,-39.2,not audited,separated,6/8/2020,billion,dong
667,DHA,HOSE,2020Q2,42.7,23.5,71,"2,899.00","5,162.00",6.6,not audited,separated,6/8/2020,billion,dong
668,CNG,HOSE,2020Q2,14.25,-66,18,528,"2,083.00",9.5,not audited,separated,6/8/2020,billion,dong
669,SZL,HOSE,2020Q2,48.89,2.3,56,"2,684.00","5,712.00",7.6,not audited,separated,6/8/2020,billion,dong
670,NET,HNX,2020Q2,74.06,112.4,na,"3,306.00","5,372.00",10.4,not audited,separated,6/8/2020,billion,dong
671,TXM,HNX,2020Q2,-1.81,na,na,-258,-59,-49.2,not audited,separated,6/8/2020,billion,dong
672,EBA,HNX,2020Q2,5.83,na,57,376,503,18.1,not audited,separated,6/8/2020,billion,dong
673,BRC,HOSE,2020Q2,10.7,0.4,57,864,"1,596.00",6.3,not audited,separated,6/8/2020,billion,dong
674,AAM,HOSE,2020Q2,0.07,-99,2,7,144,72.9,not audited,separated,6/8/2020,billion,dong
675,PMC,HNX,2020Q2,36.87,4.5,61,"3,950.00","8,143.00",7.5,not audited,separated,6/8/2020,billion,dong
676,SZB,HNX,2020Q2,55.91,13.6,57,"1,864.00","3,443.00",8.3,not audited,separated,6/8/2020,billion,dong
677,CCI,HOSE,2020Q2,15.39,17.1,50,877,"1,816.00",7.9,not audited,separated,6/8/2020,billion,dong
678,CDN,HNX,2020Q2,113.23,26.8,63,"1,144.00","2,112.00",8.9,not audited,separated,6/8/2020,billion,dong
679,DGC,HOSE,2020Q2,444.23,58.9,na,"3,452.00","5,680.00",6.6,not audited,consolidated,6/8/2020,billion,dong
680,PDN,HOSE,2020Q2,68,5.1,47,"3,761.00","7,735.00",9.2,not audited,separated,6/8/2020,billion,dong
681,DRC,HOSE,2020Q2,80.68,-8.3,38,679,"2,046.00",7.8,not audited,separated,6/8/2020,billion,dong
682,HKB,HNX,2020Q2,-33.74,na,na,-654,-105,-5.7,not audited,consolidated,6/8/2020,billion,dong
683,SED,HNX,2020Q2,13.46,-58.6,na,"1,366.00","1,935.00",7.4,not audited,separated,6/8/2020,billion,dong
684,TNC,HOSE,2020Q2,49.46,33.3,na,"2,570.00","2,619.00",7.3,not audited,separated,6/8/2020,billion,dong
685,VTB,HOSE,2020Q2,5.95,-27.6,na,550,985,9.7,not audited,consolidated,6/8/2020,billion,dong
686,SMC,HOSE,2020Q2,52.83,-25.3,44,874,"1,313.00",7.6,not audited,consolidated,6/8/2020,billion,dong
687,BTP,HOSE,2020Q2,73.18,44.4,69,"1,210.00","3,774.00",3.9,not audited,separated,6/8/2020,billion,dong
688,NTH,HNX,2020Q2,15.4,-53,83,"1,426.00","1,897.00",15.6,not audited,separated,6/8/2020,billion,dong
689,HPM,HNX,2020Q2,-1.94,na,-54,-511,"-1,136.00",-11.4,not audited,separated,6/8/2020,billion,dong
690,INC,HNX,2020Q2,1.09,106.3,52,546,"1,257.00",7.3,not audited,separated,6/8/2020,billion,dong
691,LBE,HNX,2020Q2,0.21,-69.1,na,188,987,38.2,not audited,separated,6/8/2020,billion,dong
692,PPC,HOSE,2020Q2,415,-28.9,72,"1,294.00","3,426.00",6.9,not audited,separated,6/8/2020,billion,dong
693,TPH,HNX,2020Q2,0.79,-29,na,415,661,12.7,not audited,separated,6/8/2020,billion,dong
694,UNI,HNX,2020Q2,0.76,483.1,na,50,63,71.4,not audited,separated,6/8/2020,billion,dong
695,BST,HNX,2020Q2,0.15,-69.7,12,134,929,13.2,not audited,separated,6/8/2020,billion,dong
696,SJ1,HNX,2020Q2,8.2,36.2,33,392,"1,291.00",16.6,reviewed,consolidated,6/8/2020,billion,dong
697,FIR,HOSE,2020Q2,24.25,-53,20,"1,523.00","4,141.00",7.1,reviewed,consolidated,6/8/2020,billion,dong
698,HSG,HOSE,2020Q2,382.97,229.1,96,900,"1,474.00",7.3,reviewed,consolidated,6/8/2020,billion,dong
699,TIX,HOSE,2020Q2,44.75,-28.2,55,"1,492.00","3,020.00",9.9,reviewed,separated,6/8/2020,billion,dong
700,MHL,HNX,2020Q2,-4.94,na,-99,-935,-178,-25.8,reviewed,separated,6/8/2020,billion,dong
701,SFC,HOSE,2020Q2,13.66,-33.6,na,"1,216.00",na,na,reviewed,separated,6/8/2020,billion,dong
702,CAP,HNX,2020Q2,12.49,64.8,na,"2,460.00",na,na,reviewed,separated,6/8/2020,billion,dong
703,IDV,HNX,2020Q2,94.16,79.4,62,"5,637.00","9,162.00",5,reviewed,consolidated,6/8/2020,billion,dong
704,KTS,HNX,2020Q2,0.49,-71.3,8,97,653,13.8,reviewed,separated,6/8/2020,billion,dong
705,SLS,HNX,2020Q2,35.43,-2.5,139,"3,618.00","6,348.00",9.6,reviewed,separated,6/8/2020,billion,dong
